Nom;Nom long;Date de création;Date de mise à jour;Date de début d'incident;Date de fin d'incident;Statut;Produit(s) de santé;Domaine(s) médical(aux);Texte après le délimiteur
Varivax;Varivax, poudre et solvant pour suspension injectable en seringue préremplie. Vaccin varicelleux (vivant) – [virus de la varicelle souche Oka (vivant, atténué) ((mammifères/humain/cellules diploïdes MRC-5))];15/04/2026;;20/01/2026;;Tension d'approvisionnement;Vaccins;Infectiologie; poudre et solvant pour suspension injectable en seringue préremplie. Vaccin varicelleux (vivant) – [virus de la varicelle souche Oka (vivant, atténué) ((mammifères/humain/cellules diploïdes MRC-5))]
Tofranil 10 mg;Tofranil 10 mg, comprimé enrobé – [imipramine];08/07/2022;15/04/2026;31/07/2022;;Rupture de stock;Médicaments;Psychiatrie; comprimé enrobé – [imipramine]
Claventin 3g/200 mg et 5g/200 mg;Claventin 3g/200 mg et 5g/200 mg, poudre pour solution injectable (I.V.) – [ticarcilline (sodique), acide clavulanique ];05/08/2020;14/04/2026;01/08/2014;;Rupture de stock;Médicaments;Infectiologie; poudre pour solution injectable (I.V.) – [ticarcilline (sodique), acide clavulanique ]
Teralithe LP 400 mg;Teralithe LP 400 mg, comprimé sécable à libération prolongée – [lithium (carbonate de)];12/03/2025;14/04/2026;08/04/2026;08/04/2026;Remise à disposition;Médicaments;Psychiatrie; comprimé sécable à libération prolongée – [lithium (carbonate de)]
Spécialités à base de Venlafaxine LP 37;Spécialités à base de Venlafaxine LP 37,5 mg et LP 75 mg en gélule à libération prolongée – [venlafaxine];20/03/2025;13/04/2026;20/03/2025;;Tension d'approvisionnement;Médicaments;Psychiatrie;5 mg et LP 75 mg en gélule à libération prolongée – [venlafaxine]
Rispéridone 4 mg comprimé orodispersible – [rispéridone];Rispéridone 4 mg comprimé orodispersible – [rispéridone];05/02/2025;13/04/2026;13/04/2026;13/04/2026;Remise à disposition;Médicaments;Psychiatrie;
Ogivri 420 mg;Ogivri 420 mg, poudre pour solution à diluer pour perfusion – [trastuzumab];03/04/2026;13/04/2026;31/03/2026;;Rupture de stock;Médicaments;Oncologie/Radiothérapie; poudre pour solution à diluer pour perfusion – [trastuzumab]
Clomipramine Viatris 25 mg;Clomipramine Viatris 25 mg, comprimé pelliculé – [clomipramine (chlorhydrate de)];11/07/2025;10/04/2026;04/07/2025;;Tension d'approvisionnement;Médicaments;Psychiatrie; comprimé pelliculé – [clomipramine (chlorhydrate de)]
Parlodel 5 mg et 10 mg;Parlodel 5 mg et 10 mg, gélule – [bromocriptine (mésilate de)];13/03/2026;10/04/2026;10/04/2026;10/04/2026;Remise à disposition;Médicaments;Endocrinologie, Neurologie; gélule – [bromocriptine (mésilate de)]
Etopophos 100 mg;Etopophos 100 mg, lyophilisat pour usage parentéral – [étoposide];09/04/2026;10/04/2026;02/01/2026;;Tension d'approvisionnement;Médicaments;Hématologie, Oncologie/Radiothérapie; lyophilisat pour usage parentéral – [étoposide]
Xarelto 1 mg/mL;Xarelto 1 mg/mL, granulés pour supension buvable, flacon de 100ml – [rivaroxaban];09/04/2026;;08/04/2026;;Tension d'approvisionnement;Médicaments;Cardiologie; granulés pour supension buvable, flacon de 100ml – [rivaroxaban]
Scopoderm TTS 1 mg/72 heures;Scopoderm TTS 1 mg/72 heures, dispositif transdermique – [scopolamine];31/03/2023;09/04/2026;01/04/2026;01/04/2026;Remise à disposition;Médicaments;ORL; dispositif transdermique – [scopolamine]
Paclitaxel AHCL 6 mg/ml;Paclitaxel AHCL 6 mg/ml, solution à diluer pour perfusion - flacons de 50 ml et 100 ml – [paclitaxel];24/04/2024;09/04/2026;07/09/2023;;Tension d'approvisionnement;Médicaments;Oncologie/Radiothérapie; solution à diluer pour perfusion - flacons de 50 ml et 100 ml – [paclitaxel]
Betneval 0;Betneval 0,1 %, crème – [bétaméthasone (valérate de)];08/04/2026;;03/04/2026;;Tension d'approvisionnement;Médicaments;Dermatologie;1 %, crème – [bétaméthasone (valérate de)]
Kétoprofène Pharmy II 100 mg/2 ml;Kétoprofène Pharmy II 100 mg/2 ml, solution injectable intramusculaire (I.M.) – [kétoprofène];23/01/2026;08/04/2026;14/01/2026;;Tension d'approvisionnement;Médicaments;Rhumatologie, Traitement de la douleur; solution injectable intramusculaire (I.M.) – [kétoprofène]
Endoxan 500 et 1000 mg;Endoxan 500 et 1000 mg, poudre pour solution injectable – [cyclophosphamide];07/04/2026;;29/01/2026;;Tension d'approvisionnement;Médicaments;Oncologie/Radiothérapie; poudre pour solution injectable – [cyclophosphamide]
Quinimax 500 mg;Quinimax 500 mg, comprimé pelliculé sécable – [inchonidine (monochlorhydrate de) monohydraté/cinchonine (chlorhydrate de) dihydraté/quinidine (chlorhydrate de) monohydraté/quinine (chlorhydrate de)];03/02/2026;03/04/2026;02/02/2026;;Rupture de stock;Médicaments;Infectiologie; comprimé pelliculé sécable – [inchonidine (monochlorhydrate de) monohydraté/cinchonine (chlorhydrate de) dihydraté/quinidine (chlorhydrate de) monohydraté/quinine (chlorhydrate de)]
Kenacort Retard 40 mg/1 ml;Kenacort Retard 40 mg/1 ml, suspension injectable – [triamcinolone (acétonide de)];18/02/2026;03/04/2026;17/02/2026;;Tension d'approvisionnement;Médicaments;Dermatologie, Rhumatologie; suspension injectable – [triamcinolone (acétonide de)]
Zinnat 125 mg/5 ml enfants et nourrissons;Zinnat 125 mg/5 ml enfants et nourrissons, granulés pour suspension buvable en flacon – [céfuroxime axétil];06/03/2026;03/04/2026;03/04/2026;03/04/2026;Remise à disposition;Médicaments;Infectiologie; granulés pour suspension buvable en flacon – [céfuroxime axétil]
Octim 150 microgrammes/dose;Octim 150 microgrammes/dose, solution pour pulvérisation nasale – [acétate de desmopressine trihydraté];17/08/2020;02/04/2026;24/03/2026;24/03/2026;Remise à disposition;Médicaments;Hématologie; solution pour pulvérisation nasale – [acétate de desmopressine trihydraté]
Lantus Solostar 100 unités/ ml;Lantus Solostar 100 unités/ ml, solution injectable en stylo prérempli – [insuline glargine];02/04/2026;02/04/2026;25/03/2026;;Tension d'approvisionnement;Médicaments;Endocrinologie; solution injectable en stylo prérempli – [insuline glargine]
Tolvaptan Biogaran 15 mg;Tolvaptan Biogaran 15 mg, comprimé + Tolvaptan Biogaran 45 mg, comprimé - [tolvaptan];10/07/2025;02/04/2026;17/03/2026;17/03/2026;Remise à disposition;Médicaments;Néphrologie; comprimé + Tolvaptan Biogaran 45 mg, comprimé - [tolvaptan]
Pulmocis 2 mg;Pulmocis 2 mg, trousse pour préparation radiopharmaceutique – [albumine humaine plasmatique (macroagrégats d')];28/01/2026;02/04/2026;31/03/2026;31/03/2026;Remise à disposition;Médicaments;Imagerie/Radiologie, Médecine nucléaire; trousse pour préparation radiopharmaceutique – [albumine humaine plasmatique (macroagrégats d')]
Toujeo 300 unités/ml DoubleStar;Toujeo 300 unités/ml DoubleStar, solution injectable en stylo prérempli – [insuline glargine ((bactérie/Escherichia Coli))];01/04/2026;;25/03/2026;;Tension d'approvisionnement;Médicaments;Endocrinologie; solution injectable en stylo prérempli – [insuline glargine ((bactérie/Escherichia Coli))]
Toujeo 300 unités/ml SoloStar;Toujeo 300 unités/ml SoloStar, solution injectable en stylo prérempli – [insuline glargine ((bactérie/Escherichia Coli))];01/04/2026;;25/03/2026;;Tension d'approvisionnement;Médicaments;Endocrinologie; solution injectable en stylo prérempli – [insuline glargine ((bactérie/Escherichia Coli))]
Fluorouracile Accord 50 mg/ml;Fluorouracile Accord 50 mg/ml, solution à diluer pour perfusion, flacons de 5 ml, 20 ml et 100 ml – [fluorouracile];02/03/2026;01/04/2026;13/03/2026;13/03/2026;Remise à disposition;Médicaments;Oncologie/Radiothérapie; solution à diluer pour perfusion, flacons de 5 ml, 20 ml et 100 ml – [fluorouracile]
Fluorouracile Pfizer 50 mg/ml;Fluorouracile Pfizer 50 mg/ml, solution à diluer pour perfusion - flacon de 20 ml et 100 ml – [fluorouracile];26/05/2025;01/04/2026;08/11/2023;;Tension d'approvisionnement;Médicaments;Oncologie/Radiothérapie; solution à diluer pour perfusion - flacon de 20 ml et 100 ml – [fluorouracile]
Fivasa 400 mg;Fivasa 400 mg, comprimé enrobé gastrorésistant – [mésalazine];26/11/2025;01/04/2026;26/11/2025;;Tension d'approvisionnement;Médicaments;Hépato-gastroentérologie; comprimé enrobé gastrorésistant – [mésalazine]
Gemcitabine Sun 10 mg/mL;Gemcitabine Sun 10 mg/mL, solution pour perfusion en poche de 120 ml – [gemcitabine (chlorhydrate de)];07/01/2026;01/04/2026;12/11/2025;;Rupture de stock;Médicaments;Oncologie/Radiothérapie; solution pour perfusion en poche de 120 ml – [gemcitabine (chlorhydrate de)]
Emend 125 mg;Emend 125 mg, poudre pour suspension buvable – [aprépitant];23/01/2026;01/04/2026;09/01/2026;;Rupture de stock;Médicaments;Hépato-gastroentérologie; poudre pour suspension buvable – [aprépitant]
Ogivri 150 mg;Ogivri 150 mg, poudre pour solution à diluer pour perfusion – [trastuzumab];26/01/2026;01/04/2026;26/01/2026;;Rupture de stock;Médicaments;Oncologie/Radiothérapie; poudre pour solution à diluer pour perfusion – [trastuzumab]
Alepsal;Alepsal, comprimé – [caféine / phénobarbital];12/03/2026;01/04/2026;02/01/2026;;Tension d'approvisionnement;Médicaments;Neurologie; comprimé – [caféine / phénobarbital]
Zypadhera;Zypadhera, poudre et solvant pour suspension injectable à libération prolongée – [olanzapine (pamoate d') monohydraté];18/07/2024;31/03/2026;02/05/2024;;Tension d'approvisionnement;Médicaments;Psychiatrie; poudre et solvant pour suspension injectable à libération prolongée – [olanzapine (pamoate d') monohydraté]
Méthylphénidate EG LP;Méthylphénidate EG LP, comprimé à libération prolongée – [méthylphénidate (chlorhydrate de)];13/11/2025;31/03/2026;12/11/2025;;Tension d'approvisionnement;Médicaments;Psychiatrie; comprimé à libération prolongée – [méthylphénidate (chlorhydrate de)]
Synacthène 0;Synacthène 0,25 mg/1 ml, solution injectable – [tétracosactide];30/03/2026;;01/11/2025;;Tension d'approvisionnement;Médicaments;Endocrinologie, Neurologie;25 mg/1 ml, solution injectable – [tétracosactide]
Norfloxacine EG 400 mg;Norfloxacine EG 400 mg, comprimé pelliculé – [norfloxacine];30/03/2026;;06/03/2026;;Tension d'approvisionnement;Médicaments;Infectiologie; comprimé pelliculé – [norfloxacine]
Holoxan 1000 mg;Holoxan 1000 mg, poudre pour solution injectable et 2000 mg, poudre pour usage parentéral – [ifosfamide];08/12/2025;30/03/2026;13/01/2026;;Tension d'approvisionnement;Médicaments;Hématologie, Oncologie/Radiothérapie; poudre pour solution injectable et 2000 mg, poudre pour usage parentéral – [ifosfamide]
Héparine calcique Panpharma 25 000 UI/mL;Héparine calcique Panpharma 25 000 UI/mL, solution injectable en seringue pré-remplie de 0,2 ml  (S.C.) – [héparine calcique];27/03/2026;27/03/2026;05/03/2026;;Rupture de stock;Médicaments;Cardiologie; solution injectable en seringue pré-remplie de 0,2 ml  (S.C.) – [héparine calcique]
Tolvaptan Teva 15 mg;Tolvaptan Teva 15 mg, comprimé + Tolvaptan Teva 45 mg, comprimé – [tolvaptan];27/10/2025;27/03/2026;19/03/2026;19/03/2026;Remise à disposition;Médicaments;Néphrologie; comprimé + Tolvaptan Teva 45 mg, comprimé – [tolvaptan]
Befizal 200 mg;Befizal 200 mg, comprimé pelliculé – [bézafibrate];26/03/2026;26/03/2026;23/12/2025;;Tension d'approvisionnement;Médicaments;Hépato-gastroentérologie; comprimé pelliculé – [bézafibrate]
Lénalidomide Mylan;Lénalidomide Mylan, gélule – [lénalidomide];25/07/2025;26/03/2026;26/03/2026;26/03/2026;Remise à disposition;Médicaments;Oncologie/Radiothérapie; gélule – [lénalidomide]
Spécialités à base d'oxybate de sodium 500 mg/mL;Spécialités à base d'oxybate de sodium 500 mg/mL, solution buvable – [sodium (oxybate de)];26/02/2026;26/03/2026;23/03/2026;23/03/2026;Remise à disposition;Médicaments;Neurologie; solution buvable – [sodium (oxybate de)]
Rifamycine Chibret 1000 000 UI pour cent;Rifamycine Chibret 1000 000 UI pour cent, collyre en solution – [rifamycine sodique];13/03/2024;25/03/2026;25/03/2026;25/03/2026;Remise à disposition;Médicaments;Ophtalmologie; collyre en solution – [rifamycine sodique]
Fluoresceine Faure 0;Fluoresceine Faure 0,5%, collyre en solution en récipient unidose – [fluorescéine sodique];05/12/2025;25/03/2026;20/10/2025;;Tension d'approvisionnement;Médicaments;Ophtalmologie;5%, collyre en solution en récipient unidose – [fluorescéine sodique]
Un-Alfa 1 microgramme/0;Un-Alfa 1 microgramme/0,5 ml, solution injectable IV en ampoule – [alfacalcidol];09/01/2026;25/03/2026;24/03/2026;24/03/2026;Remise à disposition;Médicaments;Endocrinologie, Néphrologie;5 ml, solution injectable IV en ampoule – [alfacalcidol]
Fébuxostat 80 mg;Fébuxostat 80 mg, comprimé pelliculé – [fébuxostat hémihydraté];04/12/2025;24/03/2026;16/03/2026;16/03/2026;Remise à disposition;Médicaments;Rhumatologie; comprimé pelliculé – [fébuxostat hémihydraté]
Tarka LP 180 mg/2 mg;Tarka LP 180 mg/2 mg, comprimé pelliculé à libération prolongée, boite de 30 comprimés et de 90 comprimés – [trandolapril/vérapamil (chlorhydrate de)];18/02/2026;23/03/2026;19/06/2025;;Tension d'approvisionnement;Médicaments;Cardiologie; comprimé pelliculé à libération prolongée, boite de 30 comprimés et de 90 comprimés – [trandolapril/vérapamil (chlorhydrate de)]
Tarka LP 240 mg/2 mg;Tarka LP 240 mg/2 mg, comprimé pelliculé à libération prolongée, boite de 90 comprimés – [trandolapril/vérapamil (chlorhydrate de)];18/02/2026;23/03/2026;19/03/2025;;Tension d'approvisionnement;Médicaments;Cardiologie; comprimé pelliculé à libération prolongée, boite de 90 comprimés – [trandolapril/vérapamil (chlorhydrate de)]
Tarka LP 240 mg/2 mg;Tarka LP 240 mg/2 mg, comprimé pelliculé à libération prolongée, boite de 30 comprimés – [trandolapril/vérapamil (chlorhydrate de)];18/02/2026;23/03/2026;23/03/2026;23/03/2026;Remise à disposition;Médicaments;Cardiologie; comprimé pelliculé à libération prolongée, boite de 30 comprimés – [trandolapril/vérapamil (chlorhydrate de)]
Tarka LP 240 mg/4 mg;Tarka LP 240 mg/4 mg, comprimé pelliculé à libération prolongée, boite de 90 comprimés – [trandolapril/vérapamil (chlorhydrate de)];18/02/2026;23/03/2026;19/03/2026;19/03/2026;Remise à disposition;Médicaments;Cardiologie; comprimé pelliculé à libération prolongée, boite de 90 comprimés – [trandolapril/vérapamil (chlorhydrate de)]
Tarka LP 240 mg/4 mg;Tarka LP 240 mg/4 mg, comprimé pelliculé à libération prolongée, boite de 30 comprimés – [trandolapril/vérapamil (chlorhydrate de)];18/02/2026;23/03/2026;30/01/2026;;Tension d'approvisionnement;Médicaments;Cardiologie; comprimé pelliculé à libération prolongée, boite de 30 comprimés – [trandolapril/vérapamil (chlorhydrate de)]
Persantine 10 mg/2 mL;Persantine 10 mg/2 mL, solution injectable, ampoule – [dipyridamole];20/03/2026;20/03/2026;15/03/2026;;Tension d'approvisionnement;Médicaments;Imagerie/Radiologie, Cardiologie, Médecine nucléaire; solution injectable, ampoule – [dipyridamole]
Hexatrione 2 pour cent;Hexatrione 2 pour cent, suspension injectable (intra-articulaire) – [hexacetonide de triamcinolone];28/11/2022;19/03/2026;16/03/2026;16/03/2026;Remise à disposition;Médicaments;Rhumatologie; suspension injectable (intra-articulaire) – [hexacetonide de triamcinolone]
Depo Prodasone 500 mg;Depo Prodasone 500 mg, suspension injectable – [médroxyprogestérone];11/08/2025;17/03/2026;08/08/2025;;Tension d'approvisionnement;Médicaments;Oncologie/Radiothérapie; suspension injectable – [médroxyprogestérone]
Xenpozyme 20 mg;Xenpozyme 20 mg, poudre pour solution à diluer pour perfusion – [olipudase alfa];15/10/2025;17/03/2026;30/09/2025;;Tension d'approvisionnement;Médicaments;Endocrinologie; poudre pour solution à diluer pour perfusion – [olipudase alfa]
Omjjara 100 mg;Omjjara 100 mg, comprimé pelliculé – [momélotinib (dichlorhydrate de)];16/03/2026;;04/02/2026;;Tension d'approvisionnement;Médicaments;Hématologie; comprimé pelliculé – [momélotinib (dichlorhydrate de)]
Emblaveo 1;Emblaveo 1,5 g/0,5 g, poudre pour solution à diluer pour perfusion – [avibactam sodique, aztréonam];16/03/2026;;13/02/2026;;Tension d'approvisionnement;Médicaments;Infectiologie;5 g/0,5 g, poudre pour solution à diluer pour perfusion – [avibactam sodique, aztréonam]
Wilfactin 100 UI/mL;Wilfactin 100 UI/mL, poudre et solvant pour solution injectable – [facteur Willebrand de coagulation humain];03/07/2025;16/03/2026;04/04/2025;;Tension d'approvisionnement;Médicaments;Hématologie; poudre et solvant pour solution injectable – [facteur Willebrand de coagulation humain]
Parlodel 2;Parlodel 2,5 mg, comprimé sécable – [bromocriptine (mésilate de)];13/03/2026;;27/02/2026;;Tension d'approvisionnement;Médicaments;Endocrinologie, Neurologie;5 mg, comprimé sécable – [bromocriptine (mésilate de)]
Ritonavir Viatris 100 mg;Ritonavir Viatris 100 mg, comprimé pelliculé – [ritonavir];12/03/2026;;22/09/2025;;Rupture de stock;Médicaments;Infectiologie; comprimé pelliculé – [ritonavir]
Méthylprednisolone Viatris 500 mg;Méthylprednisolone Viatris 500 mg, poudre pour solution injectable (IM-IV) – [méthylprednisolone (hydrogénosuccinate de)];05/03/2026;;12/07/2025;;Tension d'approvisionnement;Médicaments;Allergologie, Rhumatologie, Infectiologie; poudre pour solution injectable (IM-IV) – [méthylprednisolone (hydrogénosuccinate de)]
Soludactone 100 mg et 200 mg;Soludactone 100 mg et 200 mg, lyophilisat et solution pour usage parentéral – [canrénoate de potassium / trométamol];18/07/2023;05/03/2026;01/11/2023;;Arrêt de commercialisation;Médicaments;Cardiologie; lyophilisat et solution pour usage parentéral – [canrénoate de potassium / trométamol]
Méthylprednisolone Viatris 40 mg;Méthylprednisolone Viatris 40 mg, poudre pour solution injectable (IM-IV) – [méthylprednisolone (hydrogénosuccinate de)];22/08/2024;05/03/2026;19/08/2024;;Tension d'approvisionnement;Médicaments;Allergologie, ORL, Rhumatologie, Infectiologie, Neurologie; poudre pour solution injectable (IM-IV) – [méthylprednisolone (hydrogénosuccinate de)]
Teralithe 250 mg;Teralithe 250 mg, comprimé sécable – [lithium (carbonate de)];23/10/2025;05/03/2026;17/09/2025;;Tension d'approvisionnement;Médicaments;Psychiatrie; comprimé sécable – [lithium (carbonate de)]
Methylprednisolone Viatris 120 mg;Methylprednisolone Viatris 120 mg, poudre pour solution injectable (IM-IV) – [méthylprednisolone (hydrogénosuccinate de)];06/08/2025;05/03/2026;05/08/2025;;Tension d'approvisionnement;Médicaments;Allergologie, ORL, Rhumatologie, Infectiologie, Neurologie; poudre pour solution injectable (IM-IV) – [méthylprednisolone (hydrogénosuccinate de)]
Pipéracilline Panpharma 4 g;Pipéracilline Panpharma 4 g, poudre pour solution injectable (I.M., I.V.) – [pipéracilline sodique];26/01/2026;04/03/2026;13/08/2025;;Tension d'approvisionnement;Médicaments;Infectiologie; poudre pour solution injectable (I.M., I.V.) – [pipéracilline sodique]
Micropakine L.P. 750 mg;Micropakine L.P. 750 mg, granulés à libération prolongée en sachet-dose – [acide valproïque, sodium (valproate de)];27/02/2026;;27/02/2026;27/02/2026;Remise à disposition;Médicaments;Neurologie; granulés à libération prolongée en sachet-dose – [acide valproïque, sodium (valproate de)]
Micropakine L.P. 250 mg;Micropakine L.P. 250 mg, 500 mg, 1 000 mg, granulés à libération prolongée en sachet-dose – [acide valproïque, sodium (valproate de)];09/07/2025;27/02/2026;16/05/2025;;Tension d'approvisionnement;Médicaments;Neurologie; 500 mg, 1 000 mg, granulés à libération prolongée en sachet-dose – [acide valproïque, sodium (valproate de)]
Plasmion;Plasmion, solution pour perfusion – [Gélatine fluide modifiée partiellement hydrolysée et succinylée];26/02/2026;;20/02/2026;;Tension d'approvisionnement;Médicaments;Cardiologie; solution pour perfusion – [Gélatine fluide modifiée partiellement hydrolysée et succinylée]
Quasym L.P.;Quasym L.P., gélule à libération modifiée – [méthylphénidate];13/12/2023;26/02/2026;26/02/2026;26/02/2026;Remise à disposition;Médicaments;Psychiatrie; gélule à libération modifiée – [méthylphénidate]
Imukin 2 X 10p6 UI (0;Imukin 2 X 10p6 UI (0,1 mg), solution injectable – [interféron gamma-1b];08/01/2026;26/02/2026;09/12/2025;;Rupture de stock;Médicaments;Infectiologie;1 mg), solution injectable – [interféron gamma-1b]
Hydrocortisone Substipharm 100 mg;Hydrocortisone Substipharm 100 mg, lyophilisat (flacon) et solution pour usage parentéral – [hydrocortisone (hydrogénosuccinate d')];25/02/2026;;11/04/2024;;Tension d'approvisionnement;Médicaments;Endocrinologie; lyophilisat (flacon) et solution pour usage parentéral – [hydrocortisone (hydrogénosuccinate d')]
Levmentin 1 g/200 mg;Levmentin 1 g/200 mg, poudre pour solution injectable/pour perfusion (IV) – [amoxicilline sodique, potassium (clavulanate de)];13/02/2026;23/02/2026;11/02/2026;;Tension d'approvisionnement;Médicaments;Infectiologie; poudre pour solution injectable/pour perfusion (IV) – [amoxicilline sodique, potassium (clavulanate de)]
Minirin 2;Minirin 2,5 μg/dose, solution pour pulvérisation nasale – [desmopressine];20/02/2026;;31/05/2026;;Arrêt de commercialisation;Médicaments;Endocrinologie;5 μg/dose, solution pour pulvérisation nasale – [desmopressine]
Gastrografine 370 mg d'iode/mL;Gastrografine 370 mg d'iode/mL, solution buvable ou rectale – [amidotrizoate de sodium/méglumine (amidotrizoate de)];18/02/2026;;16/02/2026;;Rupture de stock;Médicaments;Imagerie/Radiologie, Médecine nucléaire; solution buvable ou rectale – [amidotrizoate de sodium/méglumine (amidotrizoate de)]
Quinimax 125 mg;Quinimax 125 mg, comprimé pelliculé sécable – [cinchonidine (monochlorhydrate de) monohydraté/cinchonine (chlorhydrate de) dihydraté/quinidine (chlorhydrate de) monohydraté/quinine (chlorhydrate de)];18/02/2026;;06/02/2026;;Tension d'approvisionnement;Médicaments;Infectiologie; comprimé pelliculé sécable – [cinchonidine (monochlorhydrate de) monohydraté/cinchonine (chlorhydrate de) dihydraté/quinidine (chlorhydrate de) monohydraté/quinine (chlorhydrate de)]
Visudyne 15 mg;Visudyne 15 mg, poudre pour solution pour perfusion – [vertéporfine];02/06/2021;18/02/2026;10/03/2021;;Tension d'approvisionnement;Médicaments;Ophtalmologie; poudre pour solution pour perfusion – [vertéporfine]
Spécialités à base de propranolol 40 mg;Spécialités à base de propranolol 40 mg, comprimé – [chlorhydrate de propranolol];12/12/2025;18/02/2026;27/11/2025;;Tension d'approvisionnement;Médicaments;Cardiologie; comprimé – [chlorhydrate de propranolol]
"Coli-genta AP-HP 27 mg – 50 mg gélule enfant – [colistine ; gentamicine]";"Coli-genta AP-HP 27 mg – 50 mg gélule enfant – [colistine ; gentamicine]";17/02/2026;;30/11/2025;;Rupture de stock;Médicaments;Infectiologie;
"Coli-genta AP-HP 135 mg – 100 mg gélule adulte – [colistine ; gentamicine]";"Coli-genta AP-HP 135 mg – 100 mg gélule adulte – [colistine ; gentamicine]";17/02/2026;;06/02/2026;;Tension d'approvisionnement;Médicaments;Infectiologie;
Fer AP-HP 2;Fer AP-HP 2,5 mg nourrisson gélule – [fer (sous forme de sulfate ferreux heptahydraté)];24/11/2025;17/02/2026;19/11/2025;;Rupture de stock;Médicaments;Hématologie;5 mg nourrisson gélule – [fer (sous forme de sulfate ferreux heptahydraté)]
Chlorhydrate d'oxybuprocaïne Thea 1;Chlorhydrate d'oxybuprocaïne Thea 1,6 mg/0,4 ml, collyre en récipient unidose – Boites de 20 unidoses et boites de 100 unidoses – [chlorhydrate d'oxybuprocaïne];29/01/2026;16/02/2026;23/12/2025;;Tension d'approvisionnement;Médicaments;Ophtalmologie;6 mg/0,4 ml, collyre en récipient unidose – Boites de 20 unidoses et boites de 100 unidoses – [chlorhydrate d'oxybuprocaïne]
Imogam Rage 150 UI/mL;Imogam Rage 150 UI/mL, solution injectable – [Immunoglobuline humaine rabique];24/05/2022;13/02/2026;31/12/2022;;Arrêt de commercialisation;Médicaments;Infectiologie; solution injectable – [Immunoglobuline humaine rabique]
Lepticur 10 mg;Lepticur 10 mg, comprimé – [tropatépine (chlorhydrate de)];22/01/2026;12/02/2026;12/01/2026;;Tension d'approvisionnement;Médicaments;Neurologie; comprimé – [tropatépine (chlorhydrate de)]
Azactam 1 g;Azactam 1 g, poudre et solution pour usage parentéral – [aztréonam];14/02/2024;11/02/2026;04/04/2024;;Rupture de stock;Médicaments;Infectiologie; poudre et solution pour usage parentéral – [aztréonam]
Rifater;Rifater, comprimé enrobé – [isoniazide, pyrazinamid, rifampicine];22/03/2024;11/02/2026;21/03/2024;;Tension d'approvisionnement;Médicaments;Infectiologie; comprimé enrobé – [isoniazide, pyrazinamid, rifampicine]
Farmorubicine 10 mg;Farmorubicine 10 mg, poudre pour solution pour perfusion – [épirubicine (chlorhydrate d')];17/03/2025;11/02/2026;14/03/2025;;Rupture de stock;Médicaments;Oncologie/Radiothérapie; poudre pour solution pour perfusion – [épirubicine (chlorhydrate d')]
Miochole 20 mg;Miochole 20 mg, poudre et solvant pour solution intraoculaire – [chlorure d'acétylcholine];28/05/2025;11/02/2026;22/05/2025;;Rupture de stock;Médicaments;Ophtalmologie; poudre et solvant pour solution intraoculaire – [chlorure d'acétylcholine]
Norcholesterol iodé [131I] CIS Bio International 7;Norcholesterol iodé [131I] CIS Bio International 7,5 à 15 MBq/mL solution injectable [Référence: Norchol-131] – [6-iodométhylnorcholestérol [131 I]];29/01/2026;11/02/2026;23/01/2026;;Rupture de stock;Médicaments;Imagerie/Radiologie, Médecine nucléaire;5 à 15 MBq/mL solution injectable [Référence: Norchol-131] – [6-iodométhylnorcholestérol [131 I]]
Nexpovio 20 mg;Nexpovio 20 mg, comprimé pelliculé – [sélinexor];02/02/2026;10/02/2026;10/02/2026;10/02/2026;Remise à disposition;Médicaments;Oncologie/Radiothérapie; comprimé pelliculé – [sélinexor]
Victan 2 mg;Victan 2 mg, comprimé pelliculé sécable – [loflazépate d'éthyle];09/02/2026;;26/01/2026;;Rupture de stock;Médicaments;Addictologie, Neurologie; comprimé pelliculé sécable – [loflazépate d'éthyle]
Méthylphénidate Viatris LP;Méthylphénidate Viatris LP, comprimé à libération prolongée – [méthylphénidate (chlorhydrate de)];21/06/2022;09/02/2026;08/06/2023;;Tension d'approvisionnement;Médicaments;Psychiatrie; comprimé à libération prolongée – [méthylphénidate (chlorhydrate de)]
Rifinah 300 mg/150 mg;Rifinah 300 mg/150 mg, comprimé enrobé – [isoniazide, rifampicine];22/03/2024;05/02/2026;15/02/2024;;Tension d'approvisionnement;Médicaments;Infectiologie; comprimé enrobé – [isoniazide, rifampicine]
Trulicity 0;Trulicity 0,75 mg, 1,5 mg, 3 mg, 4,5 mg, solution injectable en stylo pré-rempli – [dulaglutide];23/09/2022;02/02/2026;02/02/2026;02/02/2026;Remise à disposition;Médicaments;Endocrinologie;75 mg, 1,5 mg, 3 mg, 4,5 mg, solution injectable en stylo pré-rempli – [dulaglutide]
Locametz 25 microgrammes;Locametz 25 microgrammes, trousse pour préparation radiopharmaceutique – [gozétotide];23/01/2026;02/02/2026;02/02/2026;02/02/2026;Remise à disposition;Médicaments;Imagerie/Radiologie; trousse pour préparation radiopharmaceutique – [gozétotide]
Vitamine A Dulcis 25 000 U.I. pour 100 g;Vitamine A Dulcis 25 000 U.I. pour 100 g, pommade ophtalmique - (importation de Vitamine A Blache) – [concentrât de vitamine A synthétique, forme huileuse];20/06/2023;30/01/2026;30/06/2025;;Arrêt de commercialisation;Médicaments;Ophtalmologie; pommade ophtalmique - (importation de Vitamine A Blache) – [concentrât de vitamine A synthétique, forme huileuse]
Mydriaticum 2 mg/0;Mydriaticum 2 mg/0,4 ml, collyre en récipient unidose - [tropicamide];29/01/2026;;20/01/2026;;Tension d'approvisionnement;Médicaments;Ophtalmologie;4 ml, collyre en récipient unidose - [tropicamide]
Paracétamol;Paracétamol, formes suppositoires 300 mg, 200 mg, 150 mg, 100 mg et 80 mg – [Paracétamol];12/07/2022;29/01/2026;15/12/2025;15/12/2025;Remise à disposition;Médicaments;Traitement de la douleur; formes suppositoires 300 mg, 200 mg, 150 mg, 100 mg et 80 mg – [Paracétamol]
Zophren 2 mg/ml;Zophren 2 mg/ml, solution injectable en ampoule (IV)  – [ondansétron];07/12/2023;29/01/2026;01/12/2023;;Tension d'approvisionnement;Médicaments;Hépato-gastroentérologie; solution injectable en ampoule (IV)  – [ondansétron]
Extencilline 2;Extencilline 2,4 MUI, poudre et solvant pour suspension injectable IM – [benzathine benzylpénicilline];28/01/2026;;13/01/2026;;Tension d'approvisionnement;Médicaments;Infectiologie;4 MUI, poudre et solvant pour suspension injectable IM – [benzathine benzylpénicilline]
Extencilline 1;Extencilline 1,2 MUI, poudre et solvant pour suspension injectable IM – [benzathine benzylpénicilline];28/01/2026;;25/08/2025;;Tension d'approvisionnement;Médicaments;Infectiologie;2 MUI, poudre et solvant pour suspension injectable IM – [benzathine benzylpénicilline]
Lamaline;Lamaline, suppositoire – [caféine, opium (extrait sec d'), paracétamol];31/10/2025;28/01/2026;30/01/2023;;Tension d'approvisionnement;Médicaments;Traitement de la douleur; suppositoire – [caféine, opium (extrait sec d'), paracétamol]
Recarbrio 500 mg/500 mg/250 mg;Recarbrio 500 mg/500 mg/250 mg, poudre pour solution pour perfusion – [cilastatine sodique, imipénem monohydraté, rélébactam monohydraté];27/01/2026;27/01/2026;22/01/2026;;Tension d'approvisionnement;Médicaments;Infectiologie; poudre pour solution pour perfusion – [cilastatine sodique, imipénem monohydraté, rélébactam monohydraté]
Tétracaïne 1% Théa;Tétracaïne 1% Théa, collyre en solution en récipient unidose – [chlorhydrate de tétracaïne];26/01/2026;;22/10/2025;;Rupture de stock;Médicaments;Ophtalmologie; collyre en solution en récipient unidose – [chlorhydrate de tétracaïne]
Tercian 50 mg/5 ml;Tercian 50 mg/5 ml, solution injectable en ampoule – [cyamémazine];07/07/2025;26/01/2026;26/01/2026;26/01/2026;Remise à disposition;Médicaments;Psychiatrie; solution injectable en ampoule – [cyamémazine]
Rovamycine 1;Rovamycine 1,5 millions UI, lyophilisat pour usage parentéral – [spiramycine];23/01/2026;;06/01/2026;;Tension d'approvisionnement;Médicaments;Infectiologie;5 millions UI, lyophilisat pour usage parentéral – [spiramycine]
Largactil 100 mg;Largactil 100 mg, comprimé pelliculé sécable – [chlorpromazine (chlorhydrate de)];12/08/2025;22/01/2026;22/01/2026;22/01/2026;Remise à disposition;Médicaments;Psychiatrie; comprimé pelliculé sécable – [chlorpromazine (chlorhydrate de)]
Largactil 25 mg;Largactil 25 mg, comprimé pelliculé – [chlorpromazine (chlorhydrate de)];13/10/2025;22/01/2026;22/01/2026;22/01/2026;Remise à disposition;Médicaments;Psychiatrie; comprimé pelliculé – [chlorpromazine (chlorhydrate de)]
Fluvoxamine 100 mg;Fluvoxamine 100 mg, comprimé pelliculé sécable – [fluvoxamine (maléate de)];20/01/2026;;08/07/2025;;Tension d'approvisionnement;Médicaments;Psychiatrie; comprimé pelliculé sécable – [fluvoxamine (maléate de)]
Rifadine 300 mg;Rifadine 300 mg, gélule, boite de 30 – [rifampicine];18/04/2024;19/01/2026;21/03/2024;;Tension d'approvisionnement;Médicaments;Infectiologie; gélule, boite de 30 – [rifampicine]
Lyrica 20 mg/ml;Lyrica 20 mg/ml, solution buvable – [prégabaline];19/01/2026;19/01/2026;07/01/2026;;Tension d'approvisionnement;Médicaments;Psychiatrie, Neurologie; solution buvable – [prégabaline]
Champix 0;Champix 0,5 mg et 1 mg, comprimé pelliculé – [varénicline (tartrate de)];20/10/2025;19/01/2026;12/01/2026;12/01/2026;Remise à disposition;Médicaments;Addictologie;5 mg et 1 mg, comprimé pelliculé – [varénicline (tartrate de)]
Izalgi 500 mg/25 mg;Izalgi 500 mg/25 mg, gélule – [opium (poudre d'), paracétamol];16/01/2026;;01/10/2025;;Tension d'approvisionnement;Médicaments;Traitement de la douleur; gélule – [opium (poudre d'), paracétamol]
Bendamustine Hikma 2;Bendamustine Hikma 2,5 mg/ml, poudre pour solution à diluer pour perfusion – [bendamustine (chlorhydrate de) monohydraté];28/05/2025;16/01/2026;27/05/2025;;Tension d'approvisionnement;Médicaments;Oncologie/Radiothérapie;5 mg/ml, poudre pour solution à diluer pour perfusion – [bendamustine (chlorhydrate de) monohydraté]
Laroscorbine 1 g/5 ml;Laroscorbine 1 g/5 ml, solution injectable I.V. en ampoule – [acide ascorbique];21/07/2025;16/01/2026;16/01/2026;16/01/2026;Remise à disposition;Médicaments;Hépato-gastroentérologie; solution injectable I.V. en ampoule – [acide ascorbique]
Ioméron 250;Ioméron 250, 350 et 400 mg Iode/mL, solution injectable en 50-100-200 et 500 mL - [ioméprol];01/09/2023;15/01/2026;18/03/2024;;Tension d'approvisionnement;Médicaments;Imagerie/Radiologie; 350 et 400 mg Iode/mL, solution injectable en 50-100-200 et 500 mL - [ioméprol]
Boostrixtetra;Boostrixtetra, suspension injectable en seringue préremplie. Vaccin diphtérique, tétanique, coquelucheux (acellulaire multicomposé) et poliomyélitique (inactivé), (adsorbé, à teneur réduite en antigènes);07/10/2024;15/01/2026;31/12/2025;31/12/2025;Remise à disposition;Médicaments, Vaccins;Infectiologie; suspension injectable en seringue préremplie. Vaccin diphtérique, tétanique, coquelucheux (acellulaire multicomposé) et poliomyélitique (inactivé), (adsorbé, à teneur réduite en antigènes)
Repevax;Repevax, suspension injectable en seringue préremplie. Vaccin diphtérique, tétanique, coquelucheux (acellulaire, multicomposé) et poliomyélitique (inactivé), (adsorbé, à teneur réduite en antigène(s));09/10/2024;15/01/2026;02/10/2024;;Tension d'approvisionnement;Vaccins;Infectiologie; suspension injectable en seringue préremplie. Vaccin diphtérique, tétanique, coquelucheux (acellulaire, multicomposé) et poliomyélitique (inactivé), (adsorbé, à teneur réduite en antigène(s))
Baclofène Zentiva 10 mg;Baclofène Zentiva 10 mg, comprimé sécable – [baclofène];10/02/2025;08/01/2026;08/01/2026;08/01/2026;Remise à disposition;Médicaments;Neurologie; comprimé sécable – [baclofène]
Méthylphénidate Biogaran;Méthylphénidate Biogaran, comprimé à libération prolongée – [méthylphénidate (chlorhydrate de)];15/07/2024;07/01/2026;07/01/2026;07/01/2026;Remise à disposition;Médicaments;Psychiatrie, Neurologie; comprimé à libération prolongée – [méthylphénidate (chlorhydrate de)]
Shingrix;Shingrix, poudre et suspension pour suspension injectable. Vaccin zona (recombinant, avec adjuvant) – [antigène glycoprotéine E du Virus Varicelle-Zona (VZV) (recombinant, avec adjuvant) ((mammifère/hamster/cellules CHO))];11/06/2025;07/01/2026;07/01/2026;07/01/2026;Remise à disposition;Vaccins;Infectiologie; poudre et suspension pour suspension injectable. Vaccin zona (recombinant, avec adjuvant) – [antigène glycoprotéine E du Virus Varicelle-Zona (VZV) (recombinant, avec adjuvant) ((mammifère/hamster/cellules CHO))]
Rispéridone L.P. 25 mg/2 ml;Rispéridone L.P. 25 mg/2 ml, 37,5 mg/2 ml et 50 mg/2 ml, poudre et solvant pour suspension injectable à libération prolongée en seringue préremplie – [rispéridone];31/07/2024;07/01/2026;12/05/2025;;Rupture de stock;Médicaments;Psychiatrie; 37,5 mg/2 ml et 50 mg/2 ml, poudre et solvant pour suspension injectable à libération prolongée en seringue préremplie – [rispéridone]
RisperdalConsta L.P. 25 mg/2 ml;RisperdalConsta L.P. 25 mg/2 ml, 37,5 mg/2ml et 50 mg/2 ml poudre et solvant pour suspension injectable à libération prolongée en seringue préremplie – [rispéridone];15/10/2025;07/01/2026;29/12/2025;29/12/2025;Remise à disposition;Médicaments;Psychiatrie; 37,5 mg/2ml et 50 mg/2 ml poudre et solvant pour suspension injectable à libération prolongée en seringue préremplie – [rispéridone]
Atropine 0;Atropine 0,3%, collyre – [atropine (sulfate)];27/08/2025;06/01/2026;29/12/2025;;Arrêt de commercialisation;Médicaments;Ophtalmologie;3%, collyre – [atropine (sulfate)]
Cyanokit 5 g;Cyanokit 5 g, poudre pour solution pour perfusion – [hydroxocobalamine];18/10/2024;05/01/2026;11/10/2024;;Tension d'approvisionnement;Médicaments;Anesthésie/Réanimation/Soins intensifs; poudre pour solution pour perfusion – [hydroxocobalamine]
Concerta LP;Concerta LP, comprimé à libération prolongée – [méthylphénidate (chlorhydrate de)];17/06/2022;29/12/2025;09/06/2022;;Tension d'approvisionnement;Médicaments;Psychiatrie; comprimé à libération prolongée – [méthylphénidate (chlorhydrate de)]
Colofoam;Colofoam, mousse rectale – [acétate d'hydrocortisone];03/06/2024;22/12/2025;29/02/2024;;Rupture de stock;Médicaments;Hépato-gastroentérologie; mousse rectale – [acétate d'hydrocortisone]
Tolvaptan Biogaran 30 mg;Tolvaptan Biogaran 30 mg, comprimé + Tolvaptan Biogaran 60 mg, comprimé – [tolvaptan];07/11/2025;22/12/2025;22/12/2025;22/12/2025;Remise à disposition;Médicaments;Néphrologie; comprimé + Tolvaptan Biogaran 60 mg, comprimé – [tolvaptan]
Trandolapril 2 mg et 4 mg – [trandolapril];Trandolapril 2 mg et 4 mg – [trandolapril];30/09/2024;17/12/2025;04/07/2024;;Tension d'approvisionnement;Médicaments;Cardiologie;
Trandolapril 0;Trandolapril 0,5 mg, gélule – [trandolapril];02/10/2024;17/12/2025;01/12/2025;01/12/2025;Remise à disposition;Médicaments;Cardiologie;5 mg, gélule – [trandolapril]
Tildiem 25 mg;Tildiem 25 mg, poudre et solution pour préparation injectable I.V. – [diltiazem (chlorhydrate de)];07/11/2025;17/12/2025;21/10/2025;;Tension d'approvisionnement;Médicaments;Cardiologie; poudre et solution pour préparation injectable I.V. – [diltiazem (chlorhydrate de)]
Fungizone 10 %;Fungizone 10 %, suspension buvable – [amphotéricine B];29/11/2022;15/12/2025;15/12/2025;15/12/2025;Remise à disposition;Médicaments;Infectiologie; suspension buvable – [amphotéricine B]
Venlafaxine Viatris 50 mg;Venlafaxine Viatris 50 mg, comprimé pelliculé – [venlafaxine];13/05/2025;15/12/2025;15/12/2025;15/12/2025;Remise à disposition;Médicaments;Psychiatrie; comprimé pelliculé – [venlafaxine]
Digoxine Nativelle 5 µg/0;Digoxine Nativelle 5 µg/0,1 ml, solution buvable en gouttes – [digoxine];17/10/2025;15/12/2025;15/12/2025;15/12/2025;Remise à disposition;Médicaments;Cardiologie;1 ml, solution buvable en gouttes – [digoxine]
Prednisolone 5 mg et 20 mg;Prednisolone 5 mg et 20 mg, comprimé orodispersible et comprimé effervescent sécable – [prednisolone (métasulfobenzoate sodique de)];06/10/2022;12/12/2025;10/12/2025;10/12/2025;Remise à disposition;Médicaments;Dermatologie, Endocrinologie, Hématologie, Hépato-gastroentérologie, Néphrologie, Infectiologie, Neurologie; comprimé orodispersible et comprimé effervescent sécable – [prednisolone (métasulfobenzoate sodique de)]
Prednisone 5 mg et 20 mg;Prednisone 5 mg et 20 mg, comprimé sécable – [prednisone];28/12/2022;12/12/2025;10/12/2025;10/12/2025;Remise à disposition;Médicaments;Dermatologie, Endocrinologie, Hématologie, Néphrologie, Infectiologie, Neurologie; comprimé sécable – [prednisone]
Danatrol 200 mg;Danatrol 200 mg, gélule – [danazol];04/12/2025;12/12/2025;12/12/2025;12/12/2025;Remise à disposition;Médicaments;Dermatologie, Gynécologie; gélule – [danazol]
Hydrocortancyl 2;Hydrocortancyl 2,5 pour cent, suspension injectable – [prednisolone (acétate de)];19/08/2022;11/12/2025;15/12/2025;15/12/2025;Remise à disposition;Médicaments;Dermatologie, Ophtalmologie, ORL, Rhumatologie, Infectiologie;5 pour cent, suspension injectable – [prednisolone (acétate de)]
Yellox 0;Yellox 0,9 mg/ml, collyre en solution – [bromfénac sodique sesquihydraté];11/08/2025;11/12/2025;11/12/2025;11/12/2025;Remise à disposition;Médicaments;Ophtalmologie;9 mg/ml, collyre en solution – [bromfénac sodique sesquihydraté]
Pyostacine 500 mg;Pyostacine 500 mg, comprimé pelliculé – [pristinamycine];28/06/2022;10/12/2025;10/12/2025;10/12/2025;Remise à disposition;Médicaments;Anesthésie/Réanimation/Soins intensifs; comprimé pelliculé – [pristinamycine]
Immunoglobuline humaine normale IV et SC (à base de) – [Immunoglobuline humaine normale (IgG)];Immunoglobuline humaine normale IV et SC (à base de) – [Immunoglobuline humaine normale (IgG)];02/04/2021;08/12/2025;01/04/2021;;Tension d'approvisionnement;Médicaments;Immunologie;
Anafranil 25 mg;Anafranil 25 mg, comprimé enrobé – [clomipramine (chlorhydrate de)];11/07/2025;08/12/2025;01/11/2025;01/11/2025;Remise à disposition;Médicaments;Psychiatrie; comprimé enrobé – [clomipramine (chlorhydrate de)]
Spécialité à base de Sitagliptine 50 mg – [sitagliptine];Spécialité à base de Sitagliptine 50 mg – [sitagliptine];11/06/2025;04/12/2025;01/12/2025;01/12/2025;Remise à disposition;Médicaments;Endocrinologie;
Fiasp Pumpcart 100 unités/ml;Fiasp Pumpcart 100 unités/ml, solution injectable en cartouche – [insuline asparte (levure/saccharomyces cerevisiae)];07/07/2025;04/12/2025;04/07/2025;;Tension d'approvisionnement;Médicaments;Endocrinologie; solution injectable en cartouche – [insuline asparte (levure/saccharomyces cerevisiae)]
Fiasp Flextouch 100 unités/ml;Fiasp Flextouch 100 unités/ml, solution injectable en stylo prérempli – [insuline asparte ((levure/saccharomyces cerevisiae))];17/07/2025;04/12/2025;11/07/2025;;Tension d'approvisionnement;Médicaments;Endocrinologie; solution injectable en stylo prérempli – [insuline asparte ((levure/saccharomyces cerevisiae))]
Befizal L.P. 400 mg;Befizal L.P. 400 mg, comprimé enrobé à libération prolongée – [bézafibrate];13/08/2025;02/12/2025;25/11/2025;;Rupture de stock;Médicaments;Endocrinologie; comprimé enrobé à libération prolongée – [bézafibrate]
Dilantin 250 mg/5 ml;Dilantin 250 mg/5 ml, solution injectable – [phénytoïne sodique];01/12/2025;;01/10/2025;;Rupture de stock;Médicaments;Neurologie; solution injectable – [phénytoïne sodique]
Vitamine B12 Delagrange 1000 microgrammes/2 ml;Vitamine B12 Delagrange 1000 microgrammes/2 ml, solution injectable (IM) et buvable – [cyanocobalamine];19/09/2025;01/12/2025;01/12/2025;01/12/2025;Remise à disposition;Médicaments;Hépato-gastroentérologie; solution injectable (IM) et buvable – [cyanocobalamine]
Cufence 200 mg;Cufence 200 mg, gélule – [trientine (dichlorhydrate de)];28/11/2025;;24/11/2025;;Tension d'approvisionnement;Médicaments;Hépato-gastroentérologie; gélule – [trientine (dichlorhydrate de)]
Epipen;Epipen, solution injectable en stylo pré-rempli – [adrénaline];29/07/2025;28/11/2025;28/11/2025;28/11/2025;Remise à disposition;Médicaments;Allergologie; solution injectable en stylo pré-rempli – [adrénaline]
Néosynéphrine 10 % Faure;Néosynéphrine 10 % Faure, collyre en récipient unidose – [phényléphrine];19/11/2025;28/11/2025;13/10/2025;;Rupture de stock;Médicaments;Ophtalmologie; collyre en récipient unidose – [phényléphrine]
Ritonavir Arrow 100 mg;Ritonavir Arrow 100 mg, comprimé pelliculé – [ritonavir];26/05/2025;27/11/2025;26/11/2025;26/11/2025;Remise à disposition;Médicaments;Infectiologie; comprimé pelliculé – [ritonavir]
Diprostene;Diprostene, suspension injectable en seringue pré-remplie – [bétaméthasone (dipropionate de), bétaméthasone (phosphate sodique de)];12/08/2025;27/11/2025;27/11/2025;27/11/2025;Remise à disposition;Médicaments;Dermatologie, ORL, Rhumatologie; suspension injectable en seringue pré-remplie – [bétaméthasone (dipropionate de), bétaméthasone (phosphate sodique de)]
Tranxène 20 mg/2 ml;Tranxène 20 mg/2 ml, lyophilisat et solution pour usage parentéral – [clorazépate dipotassique];03/10/2024;26/11/2025;02/10/2024;;Rupture de stock;Médicaments;Psychiatrie; lyophilisat et solution pour usage parentéral – [clorazépate dipotassique]
Rifadine IV 600 mg;Rifadine IV 600 mg, poudre et solvant pour solution pour perfusion – [rifampicine];18/04/2024;26/11/2025;01/11/2025;01/11/2025;Remise à disposition;Médicaments;Infectiologie; poudre et solvant pour solution pour perfusion – [rifampicine]
Rispéridone 0;Rispéridone 0,5 mg, comprimé orodispersible – [rispéridone];05/02/2025;21/11/2025;04/02/2025;;Tension d'approvisionnement;Médicaments;Psychiatrie;5 mg, comprimé orodispersible – [rispéridone]
Rispéridone 3 mg comprimé orodispersible – [rispéridone];Rispéridone 3 mg comprimé orodispersible – [rispéridone];05/02/2025;21/11/2025;24/09/2025;;Rupture de stock;Médicaments;Psychiatrie;
Rispéridone 1 mg et 2 mg;Rispéridone 1 mg et 2 mg, comprimé orodispersible – [rispéridone];05/02/2025;21/11/2025;15/11/2025;15/11/2025;Remise à disposition;Médicaments;Psychiatrie; comprimé orodispersible – [rispéridone]
Néosynéphrine 10 % Faure;Néosynéphrine 10 % Faure, collyre en solution – [phényléphrine];19/11/2025;;12/11/2025;;Tension d'approvisionnement;Médicaments;Ophtalmologie; collyre en solution – [phényléphrine]
Néosynéphrine 5 % Faure;Néosynéphrine 5 % Faure, collyre en solution – [phényléphrine];19/11/2025;;12/11/2025;;Tension d'approvisionnement;Médicaments;Ophtalmologie; collyre en solution – [phényléphrine]
Tibéral 1 g;Tibéral 1 g, solution injectable pour perfusion – [ornidazole];18/11/2025;;05/11/2025;;Rupture de stock;Médicaments;Infectiologie; solution injectable pour perfusion – [ornidazole]
Colchimax;Colchimax, comprimé pelliculé sécable et Colchicine Opocalcium 1 mg, comprimé sécable – [colchicine, opium (poudre d'), tiémonium (métilsulfate de)];12/02/2025;18/11/2025;25/11/2024;;Tension d'approvisionnement;Médicaments;Néphrologie, Rhumatologie, Cardiologie; comprimé pelliculé sécable et Colchicine Opocalcium 1 mg, comprimé sécable – [colchicine, opium (poudre d'), tiémonium (métilsulfate de)]
Jext 300 microgrammes;Jext 300 microgrammes, solution injectable en stylo prérempli – [adrénaline (tartrate d')];05/03/2025;17/11/2025;17/11/2025;17/11/2025;Remise à disposition;Médicaments;Allergologie; solution injectable en stylo prérempli – [adrénaline (tartrate d')]
Dopamine Viatris 40 mg/ml;Dopamine Viatris 40 mg/ml, solution pour perfusion – [dopamine (chlorhydrate de)];14/11/2025;;12/11/2025;;Tension d'approvisionnement;Médicaments;Cardiologie; solution pour perfusion – [dopamine (chlorhydrate de)]
Temodal 2;Temodal 2,5 mg/ml, poudre pour solution pour perfusion – [témozolomide];17/07/2025;14/11/2025;13/11/2025;13/11/2025;Remise à disposition;Médicaments;Oncologie/Radiothérapie;5 mg/ml, poudre pour solution pour perfusion – [témozolomide]
Diprivan 20 mg/mL;Diprivan 20 mg/mL, émulsion injectable en seringue pré-remplie – [propofol];29/09/2025;14/11/2025;14/11/2025;14/11/2025;Remise à disposition;Médicaments;Anesthésie/Réanimation/Soins intensifs; émulsion injectable en seringue pré-remplie – [propofol]
Diprivan 10 mg/mL;Diprivan 10 mg/mL, émulsion injectable en seringue pré-remplie – [propofol];29/09/2025;14/11/2025;14/11/2025;14/11/2025;Remise à disposition;Médicaments;Anesthésie/Réanimation/Soins intensifs; émulsion injectable en seringue pré-remplie – [propofol]
Megace 160 mg;Megace 160 mg, comprimé – [mégestrol (acétate de)];13/11/2025;;04/11/2025;;Rupture de stock;Médicaments;Oncologie/Radiothérapie; comprimé – [mégestrol (acétate de)]
Thérasolv 250 000 UI;Thérasolv 250 000 UI, poudre pour solution injectable/pour perfusion – [urokinase];16/03/2023;07/11/2025;17/10/2025;17/10/2025;Remise à disposition;Médicaments;Cardiologie; poudre pour solution injectable/pour perfusion – [urokinase]
Tildiem 100 mg;Tildiem 100 mg, poudre pour solution injectable (IV) – [diltiazem (chlorhydrate de)];05/06/2025;07/11/2025;30/09/2025;;Arrêt de commercialisation;Médicaments;Cardiologie; poudre pour solution injectable (IV) – [diltiazem (chlorhydrate de)]
Phesgo 1200 mg/600 mg;Phesgo 1200 mg/600 mg, solution injectable – [pertuzumab/trastuzumab];15/10/2025;07/11/2025;05/11/2025;05/11/2025;Remise à disposition;Médicaments;Oncologie/Radiothérapie; solution injectable – [pertuzumab/trastuzumab]
Tiberal 500 mg;Tiberal 500 mg, solution injectable pour perfusion – [ornidazole];21/08/2024;05/11/2025;05/11/2025;05/11/2025;Remise à disposition;Médicaments;Infectiologie; solution injectable pour perfusion – [ornidazole]
Pentasa 1 g et 2 g;Pentasa 1 g et 2 g, granulés en sachet et Pentasa 1 g, suppositoire – [mésalazine];31/10/2025;;30/10/2025;;Tension d'approvisionnement;Médicaments;Hépato-gastroentérologie; granulés en sachet et Pentasa 1 g, suppositoire – [mésalazine]
Alkonatrem 150 mg;Alkonatrem 150 mg, gélule – [chlorhydrate de déméclocycline];28/09/2020;31/10/2025;11/12/2013;;Rupture de stock;Médicaments;Hématologie, Oncologie/Radiothérapie; gélule – [chlorhydrate de déméclocycline]
Clarithromycine;Clarithromycine, 250 et 500 mg, comprimé pelliculé à libération modifiée et comprimé pelliculé – [clarithromycine];24/09/2024;31/10/2025;31/10/2025;31/10/2025;Remise à disposition;Médicaments;Infectiologie; 250 et 500 mg, comprimé pelliculé à libération modifiée et comprimé pelliculé – [clarithromycine]
Clarithromycine Arrow 25 mg/ml;Clarithromycine Arrow 25 mg/ml, granulés pour suspension buvable – [clarithromycine];05/12/2024;31/10/2025;17/10/2025;17/10/2025;Remise à disposition;Médicaments;Infectiologie; granulés pour suspension buvable – [clarithromycine]
Clarithromycine 50 mg/ml;Clarithromycine 50 mg/ml, granulés pour suspension buvable – [clarithromycine];05/12/2024;31/10/2025;31/10/2025;31/10/2025;Remise à disposition;Médicaments;Infectiologie; granulés pour suspension buvable – [clarithromycine]
Cuivre 6 mg / 1 mL – Histidine 117;Cuivre 6 mg / 1 mL – Histidine 117,20 mg / 3 mL AP-HP, solution injectable, code CIPH 77772737;17/12/2024;31/10/2025;31/10/2025;31/10/2025;Remise à disposition;Médicaments;Endocrinologie, Hépato-gastroentérologie, Néphrologie;20 mg / 3 mL AP-HP, solution injectable, code CIPH 77772737
Tobi Podhaler 28 mg;Tobi Podhaler 28 mg, poudre pour inhalation en gélule – [tobramycine];24/07/2025;30/10/2025;08/07/2025;;Tension d'approvisionnement;Médicaments;Infectiologie; poudre pour inhalation en gélule – [tobramycine]
Cytarabine Sandoz 100 mg/ml;Cytarabine Sandoz 100 mg/ml, solution injectable - 1 flacon(s) en verre de 50 ml – [cytarabine];26/08/2025;30/10/2025;30/10/2025;30/10/2025;Remise à disposition;Médicaments;Oncologie/Radiothérapie; solution injectable - 1 flacon(s) en verre de 50 ml – [cytarabine]
Méthylprednisolone Hikma 40 mg;Méthylprednisolone Hikma 40 mg, poudre pour solution injectable – [méthylprednisolone (hydrogénosuccinate sodique de)];21/02/2025;29/10/2025;29/10/2025;29/10/2025;Remise à disposition;Médicaments;Allergologie, Infectiologie, Neurologie; poudre pour solution injectable – [méthylprednisolone (hydrogénosuccinate sodique de)]
Gamme NeoRecormon;Gamme NeoRecormon, solution injectable en seringue préremplie – [époétine béta];11/04/2025;28/10/2025;01/05/2025;;Tension d'approvisionnement;Médicaments;Hématologie, Néphrologie, Oncologie/Radiothérapie; solution injectable en seringue préremplie – [époétine béta]
Méthylprednisolone Hikma 500 mg;Méthylprednisolone Hikma 500 mg, poudre pour solution injectable – [méthylprednisolone (hydrogénosuccinate sodique de)];29/08/2025;28/10/2025;26/06/2025;;Tension d'approvisionnement;Médicaments;Allergologie, Infectiologie, Neurologie; poudre pour solution injectable – [méthylprednisolone (hydrogénosuccinate sodique de)]
Burinex 2 mg/4 ml IV;Burinex 2 mg/4 ml IV, solution injectable en ampoule – [bumétanide];14/08/2025;24/10/2025;24/10/2025;24/10/2025;Remise à disposition;Médicaments;Cardiologie; solution injectable en ampoule – [bumétanide]
Carbamazépine Viatris L.P. 200 mg;Carbamazépine Viatris L.P. 200 mg, comprimé sécable à libération prolongée – [carbamazépine];03/07/2025;23/10/2025;20/10/2025;20/10/2025;Remise à disposition;Médicaments;Psychiatrie, Neurologie; comprimé sécable à libération prolongée – [carbamazépine]
Carbamazépine Viatris L.P. 400 mg;Carbamazépine Viatris L.P. 400 mg, comprimé sécable à libération prolongée – [carbamazépine];03/07/2025;23/10/2025;20/10/2025;20/10/2025;Remise à disposition;Médicaments;Psychiatrie, Neurologie; comprimé sécable à libération prolongée – [carbamazépine]
Mitomycine Accord 20 mg;Mitomycine Accord 20 mg, poudre pour solution injectable / perfusion ou voie intravésicale – [mitomycine];27/06/2025;21/10/2025;31/05/2025;;Tension d'approvisionnement;Médicaments;Oncologie/Radiothérapie; poudre pour solution injectable / perfusion ou voie intravésicale – [mitomycine]
Cynomel 0;Cynomel 0,025 mg, comprimé sécable– [liothyronine sodique];25/10/2024;20/10/2025;31/10/2025;;Arrêt de commercialisation;Médicaments;Endocrinologie;025 mg, comprimé sécable– [liothyronine sodique]
Spécialité à base d'emtricitabine / ténofovir disoproxil 200 mg/245 mg;Spécialité à base d'emtricitabine / ténofovir disoproxil 200 mg/245 mg, comprimé pelliculé – [emtricitabine / ténofovir disoproxil];28/01/2025;20/10/2025;20/10/2025;20/10/2025;Remise à disposition;Médicaments;Infectiologie; comprimé pelliculé – [emtricitabine / ténofovir disoproxil]
Combantrin 125 mg;Combantrin 125 mg, comprimé – [pyrantel (embonate de)];17/10/2025;;03/10/2025;;Tension d'approvisionnement;Médicaments;Infectiologie; comprimé – [pyrantel (embonate de)]
Eskesia 5 mg/mL;Eskesia 5 mg/mL, solution injectable/pour perfusion - 10 ampoule(s) en verre de 5 ml – [eskétamine (chlorhydrate d')];08/08/2025;13/10/2025;13/10/2025;13/10/2025;Remise à disposition;Médicaments;Anesthésie/Réanimation/Soins intensifs; solution injectable/pour perfusion - 10 ampoule(s) en verre de 5 ml – [eskétamine (chlorhydrate d')]
Eurobiol 40 000 U;Eurobiol 40 000 U, gélule gastro-résistante – [poudre de pancréas];19/10/2023;08/10/2025;13/10/2023;;Tension d'approvisionnement;Médicaments;Hépato-gastroentérologie; gélule gastro-résistante – [poudre de pancréas]
Lasilix Retard 60 mg;Lasilix Retard 60 mg, gélule – [furosémide];13/12/2022;06/10/2025;30/09/2025;;Arrêt de commercialisation;Médicaments;Cardiologie; gélule – [furosémide]
Pegasys 90 microgrammes;Pegasys 90 microgrammes, 135 microgrammes et 180 microgrammes solution injectable en seringue préremplie – [peginterféron alfa-2a];23/11/2023;06/10/2025;06/10/2025;06/10/2025;Remise à disposition;Médicaments;Infectiologie; 135 microgrammes et 180 microgrammes solution injectable en seringue préremplie – [peginterféron alfa-2a]
Biltricide 600 mg;Biltricide 600 mg, comprimé pelliculé quadrisécable – [praziquantel];10/09/2024;02/10/2025;09/09/2024;;Rupture de stock;Médicaments;Infectiologie; comprimé pelliculé quadrisécable – [praziquantel]
Endoxan 50 mg;Endoxan 50 mg, comprimé enrobé – [cyclophosphamide];24/09/2025;24/09/2025;07/07/2025;;Tension d'approvisionnement;Médicaments;Oncologie/Radiothérapie, Rhumatologie; comprimé enrobé – [cyclophosphamide]
Sertraline 25 mg et 50 mg;Sertraline 25 mg et 50 mg, gélule – [sertraline (chlorhydrate de)];06/02/2025;23/09/2025;01/09/2025;01/09/2025;Remise à disposition;Médicaments;Psychiatrie; gélule – [sertraline (chlorhydrate de)]
Sugammadex 100 mg/mL;Sugammadex 100 mg/mL, solution injectable flacons de 5 ml – [sugammadex sodique];04/07/2025;23/09/2025;23/09/2025;23/09/2025;Remise à disposition;Médicaments;Anesthésie/Réanimation/Soins intensifs; solution injectable flacons de 5 ml – [sugammadex sodique]
Estrotep 500 MBq/mL;Estrotep 500 MBq/mL, solution injectable – [fluoroestradiol (18F)];31/01/2025;22/09/2025;22/09/2025;22/09/2025;Remise à disposition;Médicaments;Imagerie/Radiologie; solution injectable – [fluoroestradiol (18F)]
Sibnayal 8 mEq;Sibnayal 8 mEq, granulés à libération prolongée – [potassium (bicarbonate de) /potassium (citrate de)];22/09/2025;22/09/2025;15/09/2025;;Rupture de stock;Médicaments;Néphrologie; granulés à libération prolongée – [potassium (bicarbonate de) /potassium (citrate de)]
Un-Alfa 1 microgramme;Un-Alfa 1 microgramme, capsule orale – [alfacalcidol];10/07/2025;16/09/2025;29/08/2025;29/08/2025;Remise à disposition;Médicaments;Endocrinologie; capsule orale – [alfacalcidol]
Vitamine B12 Gerda 1000 µg/4 ml;Vitamine B12 Gerda 1000 µg/4 ml, solution injectable (IM) et buvable – [cyanocobalamine];17/07/2024;12/09/2025;03/07/2024;;Tension d'approvisionnement;Médicaments;Hépato-gastroentérologie; solution injectable (IM) et buvable – [cyanocobalamine]
Myozyme 50 mg;Myozyme 50 mg, poudre pour solution à diluer pour perfusion – [alglucosidase alfa ((mammifère/hamster/cellules cho))];14/08/2025;09/09/2025;13/08/2025;;Tension d'approvisionnement;Médicaments;Neurologie; poudre pour solution à diluer pour perfusion – [alglucosidase alfa ((mammifère/hamster/cellules cho))]
Acuitel 5 mg et 20 mg;Acuitel 5 mg et 20 mg, comprimé enrobé sécable – [Chlorhydrate de quinapril];29/04/2022;09/09/2025;11/07/2025;;Arrêt de commercialisation;Médicaments;Cardiologie; comprimé enrobé sécable – [Chlorhydrate de quinapril]
Spécialités à base de brimonidine 0;Spécialités à base de brimonidine 0,2 % (2 mg/ml), collyre en solution – [brimonidine];24/02/2025;03/09/2025;03/09/2025;03/09/2025;Remise à disposition;Médicaments;Ophtalmologie;2 % (2 mg/ml), collyre en solution – [brimonidine]
Tegretol L.P. 400 mg;Tegretol L.P. 400 mg, comprimé pelliculé sécable à libération prolongée – [carbamazépine];01/07/2025;02/09/2025;02/09/2025;02/09/2025;Remise à disposition;Médicaments;Psychiatrie, Neurologie; comprimé pelliculé sécable à libération prolongée – [carbamazépine]
Un-Alfa 0;Un-Alfa 0,10 microgramme, solution buvable en gouttes – [alfacalcidol];01/09/2025;;11/07/2025;;Tension d'approvisionnement;Médicaments;Endocrinologie, Néphrologie;10 microgramme, solution buvable en gouttes – [alfacalcidol]
Bosentan Arrow 125 mg;Bosentan Arrow 125 mg, comprimé pelliculé sécable – [bosentan monohydraté];30/07/2025;01/09/2025;15/07/2025;;Tension d'approvisionnement;Médicaments;Cardiologie; comprimé pelliculé sécable – [bosentan monohydraté]
Tracleer 125 mg;Tracleer 125 mg, comprimé pelliculé – [bosentan monohydraté];30/07/2025;01/09/2025;27/08/2025;27/08/2025;Remise à disposition;Médicaments;Cardiologie; comprimé pelliculé – [bosentan monohydraté]
Linézolide 2 mg/ml;Linézolide 2 mg/ml, solution pour perfusion – [linézolide];15/03/2024;27/08/2025;27/08/2025;27/08/2025;Remise à disposition;Médicaments;Infectiologie; solution pour perfusion – [linézolide]
Linézolide 600 mg;Linézolide 600 mg, comprimé pelliculé – [linézolide];27/09/2024;25/08/2025;25/08/2025;25/08/2025;Remise à disposition;Médicaments;Infectiologie; comprimé pelliculé – [linézolide]
Granupas 4 g;Granupas 4 g, granulés gastro-résistants – [aminosalicylique (acide)];25/05/2023;22/08/2025;20/07/2023;;Rupture de stock;Médicaments;Infectiologie; granulés gastro-résistants – [aminosalicylique (acide)]
Simulect 20 mg;Simulect 20 mg, poudre et solvant pour solution injectable ou pour perfusion – [basiliximab (mammifère/souris/Sp2/O)];21/06/2024;14/08/2025;14/08/2025;14/08/2025;Remise à disposition;Médicaments;Immunologie; poudre et solvant pour solution injectable ou pour perfusion – [basiliximab (mammifère/souris/Sp2/O)]
Méthylprednisolone Viatris 20 mg;Méthylprednisolone Viatris 20 mg, poudre pour solution injectable (IM-IV) – [méthylprednisolone (hydrogénosuccinate de)];17/02/2025;13/08/2025;03/02/2025;;Rupture de stock;Médicaments;Allergologie, ORL, Infectiologie, Neurologie; poudre pour solution injectable (IM-IV) – [méthylprednisolone (hydrogénosuccinate de)]
Spécialités à base de Lévofloxacine 500 mg en comprimé pelliculé sécable – [lévofloxacine];Spécialités à base de Lévofloxacine 500 mg en comprimé pelliculé sécable – [lévofloxacine];18/04/2025;11/08/2025;11/08/2025;11/08/2025;Remise à disposition;Médicaments;Infectiologie;
Tadalafil Quiver 20 mg;Tadalafil Quiver 20 mg, comprimé pelliculé – [tadalafil];02/03/2023;08/08/2025;08/08/2025;08/08/2025;Remise à disposition;Médicaments;Pneumologie; comprimé pelliculé – [tadalafil]
Zophren 4 mg/5 ml;Zophren 4 mg/5 ml, sirop – [ondansétron];20/12/2024;07/08/2025;07/08/2025;07/08/2025;Remise à disposition;Médicaments;Hépato-gastroentérologie; sirop – [ondansétron]
Arsenic Trioxide Accord 1 mg /ml;Arsenic Trioxide Accord 1 mg /ml, solution à diluer pour perfusion – [trioxyde d'arsenic];15/03/2023;04/08/2025;17/02/2023;;Arrêt de commercialisation;Médicaments;Oncologie/Radiothérapie; solution à diluer pour perfusion – [trioxyde d'arsenic]
Protexel 50 UI/mL;Protexel 50 UI/mL, poudre et solvant pour solution injectable – [protéine C humaine];01/08/2025;;01/08/2025;;Tension d'approvisionnement;Médicaments;Hématologie; poudre et solvant pour solution injectable – [protéine C humaine]
Oncovin 1 mg;Oncovin 1 mg, solution injectable – [vincristine (sulfate de)];31/07/2025;;30/07/2025;;Tension d'approvisionnement;Médicaments;Oncologie/Radiothérapie; solution injectable – [vincristine (sulfate de)]
Ludiomil 25 et 75 mg;Ludiomil 25 et 75 mg, comprimé pelliculé – [maprotiline (chlorhydrate de)];22/04/2025;31/07/2025;28/03/2025;;Rupture de stock;Médicaments;Psychiatrie; comprimé pelliculé – [maprotiline (chlorhydrate de)]
Fucithalmic 1%;Fucithalmic 1%, gel ophtalmique – [acide fusidique];27/03/2024;30/07/2025;30/07/2025;30/07/2025;Remise à disposition;Médicaments;Ophtalmologie, Infectiologie; gel ophtalmique – [acide fusidique]
Travoprost/Timolol 40 microgrammes/mL + 5 mg/mL;Travoprost/Timolol 40 microgrammes/mL + 5 mg/mL, collyre en solution – [timolol (maléate de), travoprost];17/11/2023;29/07/2025;29/07/2025;29/07/2025;Remise à disposition;Médicaments;Ophtalmologie; collyre en solution – [timolol (maléate de), travoprost]
Lactate de sodium AP-HP 11;Lactate de sodium AP-HP 11,2 % (m/V) solution pour perfusion – [lactate de sodium];23/11/2023;25/07/2025;25/07/2025;25/07/2025;Remise à disposition;Médicaments;Anesthésie/Réanimation/Soins intensifs;2 % (m/V) solution pour perfusion – [lactate de sodium]
Mycostatine 100 000 UI/ml;Mycostatine 100 000 UI/ml, suspension buvable – [nystatine];08/12/2023;25/07/2025;25/07/2025;25/07/2025;Remise à disposition;Médicaments;Infectiologie; suspension buvable – [nystatine]
Zovirax 500 mg;Zovirax 500 mg, poudre pour solution injectable (IV) – [aciclovir];07/05/2025;23/07/2025;23/07/2025;23/07/2025;Remise à disposition;Médicaments;Infectiologie; poudre pour solution injectable (IV) – [aciclovir]
Hydrocortisone Roussel 10 mg;Hydrocortisone Roussel 10 mg, comprimé sécable – [hydrocortisone];21/07/2025;;21/07/2025;21/07/2025;Remise à disposition;Médicaments;Endocrinologie; comprimé sécable – [hydrocortisone]
Fluorouracile Teva 5000 mg/100 mL;Fluorouracile Teva 5000 mg/100 mL, solution à diluer pour perfusion, flacon de 100 ml – [fluorouracile];05/02/2024;18/07/2025;03/06/2025;03/06/2025;Arrêt de commercialisation;Médicaments;Oncologie/Radiothérapie; solution à diluer pour perfusion, flacon de 100 ml – [fluorouracile]
Bi Tildiem L.P. 120 mg;Bi Tildiem L.P. 120 mg, comprimé enrobé à libération prolongée – [diltiazem (chlorhydrate de)];12/02/2025;18/07/2025;15/07/2025;15/07/2025;Remise à disposition;Médicaments;Cardiologie; comprimé enrobé à libération prolongée – [diltiazem (chlorhydrate de)]
Folinate de calcium 10 mg/ml;Folinate de calcium 10 mg/ml, solution injectable/pour perfusion - [Folinate et lévofolinate de calcium];01/09/2022;17/07/2025;08/08/2022;;Tension d'approvisionnement;Médicaments;Oncologie/Radiothérapie; solution injectable/pour perfusion - [Folinate et lévofolinate de calcium]
Calcidia 1;Calcidia 1,54 g, granulé pour suspension buvable en sachet-dose – [calcium (carbonate de)];30/09/2022;17/07/2025;20/06/2025;20/06/2025;Remise à disposition;Médicaments;Néphrologie;54 g, granulé pour suspension buvable en sachet-dose – [calcium (carbonate de)]
Ipratropium Teva 0;Ipratropium Teva 0,5 mg/2 ml adultes, solution pour inhalation par nébuliseur en récipient unidose – [ipratropium (bromure d');12/03/2024;17/07/2025;13/11/2023;;Rupture de stock;Médicaments;Pneumologie;5 mg/2 ml adultes, solution pour inhalation par nébuliseur en récipient unidose – [ipratropium (bromure d')
Cresemba 200 mg;Cresemba 200 mg, poudre pour solution à diluer pour perfusion – [isavuconazonium (sulfate d')];29/04/2024;17/07/2025;07/07/2025;07/07/2025;Remise à disposition;Médicaments;Pneumologie, Infectiologie; poudre pour solution à diluer pour perfusion – [isavuconazonium (sulfate d')]
Mivacron 10 mg/5 ml et 20 mg/10 ml;Mivacron 10 mg/5 ml et 20 mg/10 ml, solution injectable (IV) – [chlorure de mivacurium];23/12/2024;17/07/2025;15/07/2025;15/07/2025;Remise à disposition;Médicaments;Anesthésie/Réanimation/Soins intensifs; solution injectable (IV) – [chlorure de mivacurium]
Calciparine sous-cutanée 12 500 UI/0;Calciparine sous-cutanée 12 500 UI/0,5 ml, solution injectable – [héparine calcique];15/07/2025;;11/07/2025;;Tension d'approvisionnement;Médicaments;Cardiologie;5 ml, solution injectable – [héparine calcique]
Anapen 150 microgrammes/0;Anapen 150 microgrammes/0,3 ml et 300 microgrammes/0,3 ml, solution injectable en seringue préremplie - [adrénaline];22/07/2024;15/07/2025;15/07/2025;15/07/2025;Remise à disposition;Médicaments;Allergologie;3 ml et 300 microgrammes/0,3 ml, solution injectable en seringue préremplie - [adrénaline]
Rythmodan 100 mg;Rythmodan 100 mg, gélule – [disopyramide (phosphate de)];30/06/2025;10/07/2025;10/07/2025;10/07/2025;Remise à disposition;Médicaments;Cardiologie; gélule – [disopyramide (phosphate de)]
Vitamine A Provepharm 100 000 U.I./2 ml;Vitamine A Provepharm 100 000 U.I./2 ml, solution injectable (I.M.) – [palmitate de rétinol];04/07/2025;;03/07/2025;;Tension d'approvisionnement;Médicaments;Hépato-gastroentérologie; solution injectable (I.M.) – [palmitate de rétinol]
Novorapid Pumpcart 100 unités/ml;Novorapid Pumpcart 100 unités/ml, solution injectable en cartouche – [insuline asparte ((levure/saccharomyces cerevisiae))];03/07/2025;;20/06/2025;;Tension d'approvisionnement;Médicaments;Endocrinologie; solution injectable en cartouche – [insuline asparte ((levure/saccharomyces cerevisiae))]
Rythmodan 250 mg à libération prolongée;Rythmodan 250 mg à libération prolongée, comprimé enrobé – [disopyramide (phosphate de)];23/02/2024;03/07/2025;30/06/2025;30/06/2025;Remise à disposition;Médicaments;Cardiologie; comprimé enrobé – [disopyramide (phosphate de)]
Dexocol 1 mg/mL;Dexocol 1 mg/mL, collyre en solution - [dexaméthasone (phosphate sodique de)];02/07/2025;;05/03/2025;;Tension d'approvisionnement;Médicaments;Ophtalmologie; collyre en solution - [dexaméthasone (phosphate sodique de)]
Mitomycine Accord 10 mg;Mitomycine Accord 10 mg, poudre pour solution injectable / perfusion ou voie intravésicale – [mitomycine];27/06/2025;;31/05/2025;;Tension d'approvisionnement;Médicaments;Oncologie/Radiothérapie; poudre pour solution injectable / perfusion ou voie intravésicale – [mitomycine]
Ozalin 2 mg/mL;Ozalin 2 mg/mL, solution buvable en récipient unidose – [midazolam];05/03/2024;26/06/2025;15/02/2024;;Rupture de stock;Médicaments;Anesthésie/Réanimation/Soins intensifs; solution buvable en récipient unidose – [midazolam]
Toxicarb;Toxicarb, suspension buvable – [charbon activé];07/10/2024;26/06/2025;26/06/2025;26/06/2025;Remise à disposition;Médicaments;Hépato-gastroentérologie; suspension buvable – [charbon activé]
Travoprost 40 microgrammes/mL;Travoprost 40 microgrammes/mL, collyre en solution – [travoprost];06/12/2024;23/06/2025;23/06/2025;23/06/2025;Remise à disposition;Médicaments;Ophtalmologie; collyre en solution – [travoprost]
Rimactan 300 mg;Rimactan 300 mg, gélule – [rifampicine];28/08/2023;19/06/2025;14/04/2025;14/04/2025;Remise à disposition;Médicaments;Infectiologie; gélule – [rifampicine]
Rimifon 50 mg;Rimifon 50 mg, comprimé – [isoniazide];01/12/2023;19/06/2025;14/04/2025;14/04/2025;Remise à disposition;Médicaments;Infectiologie; comprimé – [isoniazide]
Rifadine 2 %;Rifadine 2 %, suspension buvable – [rifampicine];21/02/2024;19/06/2025;15/05/2025;15/05/2025;Remise à disposition;Médicaments;Infectiologie; suspension buvable – [rifampicine]
Paliperidone Biogaran;Paliperidone Biogaran, suspension injectable à libération prolongée en seringue préremplie - [palipéridone];12/07/2024;19/06/2025;21/06/2024;;Rupture de stock;Médicaments;Psychiatrie; suspension injectable à libération prolongée en seringue préremplie - [palipéridone]
Sinemet 100 mg/10 mg;Sinemet 100 mg/10 mg, comprimé – [lévodopa - carbidopa];08/11/2024;19/06/2025;16/06/2025;16/06/2025;Remise à disposition;Médicaments;Neurologie; comprimé – [lévodopa - carbidopa]
Un-Alfa 0;Un-Alfa 0,50 microgramme, capsule molle – [alfacalcidol];18/02/2025;19/06/2025;05/05/2025;05/05/2025;Remise à disposition;Médicaments;Endocrinologie, Néphrologie;50 microgramme, capsule molle – [alfacalcidol]
Kanokad 25 UI/mL de facteur IX;Kanokad 25 UI/mL de facteur IX, poudre et solvant pour solution injectable – Flacon de 250 UI (10 ml) et de 500 UI (20 ml);27/11/2023;17/06/2025;27/11/2023;;Rupture de stock;Médicaments;Hématologie; poudre et solvant pour solution injectable – Flacon de 250 UI (10 ml) et de 500 UI (20 ml)
Baclofène EG 10 mg;Baclofène EG 10 mg, comprimé sécable – [baclofène];10/02/2025;13/06/2025;01/02/2025;;Tension d'approvisionnement;Médicaments;Neurologie; comprimé sécable – [baclofène]
Caprelsa 100 mg et 300 mg;Caprelsa 100 mg et 300 mg, comprimé pelliculé – [vandétanib];14/03/2025;13/06/2025;05/06/2025;05/06/2025;Remise à disposition;Médicaments;Oncologie/Radiothérapie; comprimé pelliculé – [vandétanib]
Savene 20 mg/ml;Savene 20 mg/ml, poudre et solvant pour solution à diluer pour perfusion – [dexrazoxane (chlorhydrate de)];10/01/2025;12/06/2025;02/06/2025;02/06/2025;Remise à disposition;Médicaments;Oncologie/Radiothérapie; poudre et solvant pour solution à diluer pour perfusion – [dexrazoxane (chlorhydrate de)]
Lytos 520 mg;Lytos 520 mg, comprimé pelliculé – [clodronate de sodium anhydre];31/01/2025;10/06/2025;04/06/2025;04/06/2025;Remise à disposition;Médicaments;Oncologie/Radiothérapie; comprimé pelliculé – [clodronate de sodium anhydre]
Maginjectable 0;Maginjectable 0,8 pour cent, solution injectable – [magnésium (pidolate de)];28/01/2025;06/06/2025;06/01/2025;;Tension d'approvisionnement;Médicaments;Hépato-gastroentérologie;8 pour cent, solution injectable – [magnésium (pidolate de)]
Repatha 140 mg;Repatha 140 mg, solution injectable en stylo prérempli – [evolocumab (mammifère/hamster/cellules cho)];28/04/2025;06/06/2025;26/03/2025;;Tension d'approvisionnement;Médicaments;Endocrinologie, Neurologie, Cardiologie; solution injectable en stylo prérempli – [evolocumab (mammifère/hamster/cellules cho)]
Acide Acetylsalicylique Panpharma 500 mg;Acide Acetylsalicylique Panpharma 500 mg, poudre pour solution injectable (anciennement Kardegic 500 mg/5 ml, poudre pour solution injectable) – [acide acétylsalicylique];27/12/2021;27/05/2025;27/05/2025;27/05/2025;Remise à disposition;Médicaments;Cardiologie; poudre pour solution injectable (anciennement Kardegic 500 mg/5 ml, poudre pour solution injectable) – [acide acétylsalicylique]
Quetiapine LP (Xeroquel LP) 50 mg;Quetiapine LP (Xeroquel LP) 50 mg, 300 mg et 400 mg comprimé à libération prolongée – [quétiapine (fumarate de)];26/09/2024;27/05/2025;16/09/2024;;Tension d'approvisionnement;Médicaments;Psychiatrie; 300 mg et 400 mg comprimé à libération prolongée – [quétiapine (fumarate de)]
Bi Tildiem L.P. 90 mg;Bi Tildiem L.P. 90 mg, comprimé enrobé à libération prolongée – [diltiazem (chlorhydrate de)];03/02/2025;27/05/2025;27/05/2025;27/05/2025;Remise à disposition;Médicaments;Cardiologie; comprimé enrobé à libération prolongée – [diltiazem (chlorhydrate de)]
TCaps 37;TCaps 37,5 microgrammes, capsule molle – [lévothyroxine];10/04/2025;26/05/2025;26/05/2025;26/05/2025;Remise à disposition;Médicaments;Endocrinologie;5 microgrammes, capsule molle – [lévothyroxine]
Palipéridone Teva;Palipéridone Teva, suspension injectable à libération prolongée – [palipéridone];25/07/2024;23/05/2025;23/07/2024;;Tension d'approvisionnement;Médicaments;Psychiatrie; suspension injectable à libération prolongée – [palipéridone]
Egaten 250 mg;Egaten 250 mg, comprimé sécable – [triclabendazole];27/03/2025;23/05/2025;23/05/2025;23/05/2025;Remise à disposition;Médicaments;Infectiologie; comprimé sécable – [triclabendazole]
Sinemet 250 mg/25 mg;Sinemet 250 mg/25 mg, comprimé sécable – [lévodopa - carbidopa];08/11/2024;15/05/2025;15/05/2025;15/05/2025;Remise à disposition;Médicaments;Neurologie; comprimé sécable – [lévodopa - carbidopa]
Baqsimi 3 mg;Baqsimi 3 mg, poudre nasale en récipient unidose – [glucagon];14/04/2022;09/05/2025;11/04/2022;;Tension d'approvisionnement;Médicaments;Endocrinologie; poudre nasale en récipient unidose – [glucagon]
Ozempic 0;Ozempic 0,25 mg, 0,5 mg, 1 mg, solution injectable en stylo prérempli – [sémaglutide (levure/saccharomyces cerevisiae)];14/09/2022;09/05/2025;09/05/2025;09/05/2025;Remise à disposition;Médicaments;Endocrinologie;25 mg, 0,5 mg, 1 mg, solution injectable en stylo prérempli – [sémaglutide (levure/saccharomyces cerevisiae)]
Sectral LP 500 mg;Sectral LP 500 mg, comprimé pelliculé à libération prolongée – [acébutolol (chlorhydrate d')];23/04/2025;;04/04/2025;;Rupture de stock;Médicaments;Cardiologie; comprimé pelliculé à libération prolongée – [acébutolol (chlorhydrate d')]
Zithromax 40 mg/ml enfants;Zithromax 40 mg/ml enfants, poudre pour suspension buvable – [azithromycine dihydratée];08/03/2024;08/04/2025;08/04/2025;08/04/2025;Remise à disposition;Médicaments;Infectiologie; poudre pour suspension buvable – [azithromycine dihydratée]
Amoxicilline / Acide Clavulanique - Augmentin toutes formes orales;Amoxicilline / Acide Clavulanique - Augmentin toutes formes orales, tous dosages – [amoxicilline - acide clavulanique];18/11/2022;02/04/2025;02/04/2025;02/04/2025;Remise à disposition;Médicaments;Infectiologie; tous dosages – [amoxicilline - acide clavulanique]
Clopidogrel 75 mg;Clopidogrel 75 mg, comprimé pelliculé – [clopidogrel (hydrogénosulfate de)];27/03/2025;;12/09/2024;;Tension d'approvisionnement;Médicaments;Cardiologie; comprimé pelliculé – [clopidogrel (hydrogénosulfate de)]
Eurobiol 25 000 U;Eurobiol 25 000 U, gélule gastro-résistante – [poudre de pancréas];18/10/2023;27/03/2025;01/04/2025;01/04/2025;Remise à disposition;Médicaments;Hépato-gastroentérologie; gélule gastro-résistante – [poudre de pancréas]
Eurobiol 12 500 U;Eurobiol 12 500 U, gélule gastrorésistante – [poudre de pancréas];30/05/2024;27/03/2025;01/04/2025;01/04/2025;Remise à disposition;Médicaments;Hépato-gastroentérologie; gélule gastrorésistante – [poudre de pancréas]
Vancomycine Viatris 125 mg;Vancomycine Viatris 125 mg, poudre pour solution à diluer pour perfusion-vancomycine – [chlorhydrate de];18/03/2025;;12/02/2024;;Tension d'approvisionnement;Dispositifs médicaux;Infectiologie; poudre pour solution à diluer pour perfusion-vancomycine – [chlorhydrate de]
Virophta;Virophta, préparation pour collyre (lyophilisat et solvant) – [trifluridine];12/11/2024;17/03/2025;05/11/2024;;Tension d'approvisionnement;Médicaments;Infectiologie; préparation pour collyre (lyophilisat et solvant) – [trifluridine]
Celsior;Celsior, solution pour conservation d’organes - [acide glutamique, calcium (chlorure de) dihydraté, glutathion, histidine, lactobionique (acide), magnésium (chlorure de) hexahydraté, mannitol, potassium (chlorure de), sodium (hydroxyde de)];12/02/2025;13/03/2025;06/02/2025;;Rupture de stock;Médicaments;Néphrologie, Pneumologie, Cardiologie; solution pour conservation d’organes - [acide glutamique, calcium (chlorure de) dihydraté, glutathion, histidine, lactobionique (acide), magnésium (chlorure de) hexahydraté, mannitol, potassium (chlorure de), sodium (hydroxyde de)]
Hydrocortisone Upjohn 100 mg;Hydrocortisone Upjohn 100 mg, préparation injectable – [hydrocortisone (hydrogénosuccinate sodique d')];20/10/2023;06/03/2025;06/03/2025;;Tension d'approvisionnement;Médicaments;Endocrinologie; préparation injectable – [hydrocortisone (hydrogénosuccinate sodique d')]
Xeplion;Xeplion, suspension injectable à libération prolongée – [palipéridone];19/07/2024;05/03/2025;18/07/2024;;Tension d'approvisionnement;Médicaments;Psychiatrie; suspension injectable à libération prolongée – [palipéridone]
Elvorine 25 mg/2;Elvorine 25 mg/2,5 ml, 50 mg/5 ml, 100 mg/10 ml et 175 mg/17,5 ml, solution injectable – [lévofolinate de calcium];20/02/2025;;01/03/2025;;Arrêt de commercialisation;Médicaments;Oncologie/Radiothérapie;5 ml, 50 mg/5 ml, 100 mg/10 ml et 175 mg/17,5 ml, solution injectable – [lévofolinate de calcium]
Héparine calcique 25 000 UI/mL;Héparine calcique 25 000 UI/mL, solution injectable en seringue pré-remplie (S.C.) de 0,2 mL et 0,3 ml, Calciparine 5 000 UI/0,2 ml et 7 500 UI/0,3 ml, solution injectable en seringue pré-remplie (S.C.) – [héparine calcique];29/04/2024;12/02/2025;22/04/2024;;Tension d'approvisionnement;Médicaments;Cardiologie; solution injectable en seringue pré-remplie (S.C.) de 0,2 mL et 0,3 ml, Calciparine 5 000 UI/0,2 ml et 7 500 UI/0,3 ml, solution injectable en seringue pré-remplie (S.C.) – [héparine calcique]
Tsoludose;Tsoludose, solution buvable en récipient unidose – [lévothyroxine];24/10/2024;11/02/2025;01/03/2025;;Arrêt de commercialisation;Médicaments;Endocrinologie; solution buvable en récipient unidose – [lévothyroxine]
Iobenguane (¹³¹I) pour thérapie CIS bio international 370 MBq/mL;Iobenguane (¹³¹I) pour thérapie CIS bio international 370 MBq/mL, solution pour perfusion – [Iobenguane (¹³¹I)];20/10/2020;28/01/2025;20/10/2020;;Arrêt de commercialisation;Médicaments;Oncologie/Radiothérapie; solution pour perfusion – [Iobenguane (¹³¹I)]
Pediaven AP-HP G25;Pediaven AP-HP G25, solution pour perfusion;03/06/2024;22/01/2025;16/12/2024;;Arrêt de commercialisation;Médicaments;Pédiatrie; solution pour perfusion
Amikacine Viatris 250 mg;Amikacine Viatris 250 mg, 500 mg et 1g, poudre pour solution injectable en flacon – [amikacine (sulfate d')];07/05/2024;15/01/2025;22/03/2024;;Tension d'approvisionnement;Médicaments;Infectiologie; 500 mg et 1g, poudre pour solution injectable en flacon – [amikacine (sulfate d')]
Pomalidomide Viatris 1;Pomalidomide Viatris 1, 2, 3 et 4 mg, gélule – [pomalidomide];24/12/2024;14/01/2025;20/12/2024;;Rupture de stock;Médicaments;Oncologie/Radiothérapie; 2, 3 et 4 mg, gélule – [pomalidomide]
Lutrelef 3;Lutrelef 3,2 mg, poudre et solvant pour solution injectable – [gonadoréline (acétate de)];18/12/2024;18/12/2024;13/12/2024;;Tension d'approvisionnement;Médicaments;Gynécologie;2 mg, poudre et solvant pour solution injectable – [gonadoréline (acétate de)]
Cinacalcet 30 mg;Cinacalcet 30 mg, 60 mg et 90 mg comprimé pelliculé – [cinacalcet (chlorhydrate de)];21/09/2023;06/12/2024;17/08/2022;;Tension d'approvisionnement;Médicaments;Endocrinologie; 60 mg et 90 mg comprimé pelliculé – [cinacalcet (chlorhydrate de)]
Spécialités à base d'aprépitant 125 mg;Spécialités à base d'aprépitant 125 mg, 80 mg et 125 mg/80 mg gélules – [aprépitant];04/12/2024;04/12/2024;02/11/2024;;Tension d'approvisionnement;Médicaments;Hépato-gastroentérologie; 80 mg et 125 mg/80 mg gélules – [aprépitant]
Praluent 75 mg;Praluent 75 mg, 150 mg et 300 mg, solution injectable en stylo pré-rempli – [alirocumab (mammifere/hamster/cellules cho)];20/08/2024;03/12/2024;03/07/2024;;Tension d'approvisionnement;Médicaments;Endocrinologie, Cardiologie; 150 mg et 300 mg, solution injectable en stylo pré-rempli – [alirocumab (mammifere/hamster/cellules cho)]
Méthotrexate Accord 100 mg/mL;Méthotrexate Accord 100 mg/mL, solution à diluer pour perfusion (flacon de 10 ml) – [méthotrexate];17/01/2023;28/11/2024;12/01/2023;;Rupture de stock;Médicaments;Oncologie/Radiothérapie; solution à diluer pour perfusion (flacon de 10 ml) – [méthotrexate]
Zoryon gélules et sirop – [chlorhydrate de méthadone];Zoryon gélules et sirop – [chlorhydrate de méthadone];28/11/2024;28/11/2024;28/11/2024;;Arrêt de commercialisation;Médicaments;Traitement de la douleur, Neurologie;
Ydralbum 200 g/L;Ydralbum 200 g/L, solution pour perfusion en flacon de 50 mL et 100 mL – [albumine humaine ((mammifère/humain/plasma))];27/11/2023;12/11/2024;27/11/2023;;Arrêt de commercialisation;Médicaments;Anesthésie/Réanimation/Soins intensifs; solution pour perfusion en flacon de 50 mL et 100 mL – [albumine humaine ((mammifère/humain/plasma))]
Marsilid 50 mg;Marsilid 50 mg, comprimé sécable – [iproniazide];07/11/2024;07/11/2024;15/11/2023;;Rupture de stock;Médicaments;Psychiatrie; comprimé sécable – [iproniazide]
Furosémide Zentiva 500 mg;Furosémide Zentiva 500 mg, comprimé sécable – [furosémide];04/11/2024;04/11/2024;22/10/2024;;Tension d'approvisionnement;Médicaments;Néphrologie; comprimé sécable – [furosémide]
Ribarivine Biogaran 200 mg/400 mg;Ribarivine Biogaran 200 mg/400 mg, comprimé pelliculé – [Ribavirine];29/10/2021;31/10/2024;01/04/2021;;Arrêt de commercialisation;Médicaments;Hépato-gastroentérologie; comprimé pelliculé – [Ribavirine]
Héparine Choay 25 000 UI/5 ml;Héparine Choay 25 000 UI/5 ml, solution injectable, 1 flacon(s) en verre de 5 ml – [héparine sodique];25/10/2024;;17/10/2024;;Arrêt de commercialisation;Médicaments;Cardiologie; solution injectable, 1 flacon(s) en verre de 5 ml – [héparine sodique]
Atropine 1%;Atropine 1%, collyre – [atropine (sulfate)];04/10/2024;16/10/2024;22/09/2024;;Tension d'approvisionnement;Médicaments;Ophtalmologie; collyre – [atropine (sulfate)]
Ropinirole LP 2 mg;Ropinirole LP 2 mg, 4 mg et 8 mg comprimé pelliculé – [ropinirole (chlorhydrate de)];01/10/2024;01/10/2024;25/09/2024;;Tension d'approvisionnement;Médicaments;Neurologie; 4 mg et 8 mg comprimé pelliculé – [ropinirole (chlorhydrate de)]
Ropinirole 0;Ropinirole 0,25 mg, 0,5 mg 1 mg, 2 mg et 5mg comprimé pelliculé – [ropinirole];02/08/2023;25/09/2024;14/11/2022;;Tension d'approvisionnement;Médicaments;Neurologie;25 mg, 0,5 mg 1 mg, 2 mg et 5mg comprimé pelliculé – [ropinirole]
Ancotil 1 pour cent;Ancotil 1 pour cent, solution pour perfusion – [Flucytosine];12/11/2020;18/09/2024;31/05/2022;;Arrêt de commercialisation;Médicaments;Dermatologie, Infectiologie; solution pour perfusion – [Flucytosine]
Atropine 0;Atropine 0,5%, collyre – [atropine (sulfate)];01/07/2024;18/07/2024;28/06/2024;;Tension d'approvisionnement;Médicaments;Ophtalmologie;5%, collyre – [atropine (sulfate)]
Eldisine 5 mg;Eldisine 5 mg, poudre pour solution injectable – [sulfate de vindésine];12/07/2023;19/06/2024;27/10/2023;;Rupture de stock;Médicaments;Hématologie, Oncologie/Radiothérapie; poudre pour solution injectable – [sulfate de vindésine]
Malocide 50 mg comprimé pelliculé – [pyriméthamine];Malocide 50 mg comprimé pelliculé – [pyriméthamine];30/10/2023;04/06/2024;27/10/2023;;Rupture de stock;Médicaments;Infectiologie;
Cidermex;Cidermex, pommade ophtalmique – [néomycine (sulfate de), triamcinolone (acétonide de)];24/05/2024;24/05/2024;22/05/2024;;Tension d'approvisionnement;Médicaments;Ophtalmologie; pommade ophtalmique – [néomycine (sulfate de), triamcinolone (acétonide de)]
Creon 35 000 U;Creon 35 000 U, gélule gastrorésistante|– [pancréatine];07/02/2023;20/03/2024;13/03/2024;;Tension d'approvisionnement;Médicaments;Hépato-gastroentérologie; gélule gastrorésistante|– [pancréatine]
Creon 5 000 U;Creon 5 000 U, granulés gastro-résistants|– [pancréatine];12/03/2024;12/03/2024;08/03/2024;;Tension d'approvisionnement;Médicaments;Hépato-gastroentérologie; granulés gastro-résistants|– [pancréatine]
Creon 10 000 U;Creon 10 000 U, gélule gastrorésistante|– [pancréatine];05/10/2023;11/01/2024;05/10/2023;;Tension d'approvisionnement;Médicaments;Hépato-gastroentérologie; gélule gastrorésistante|– [pancréatine]
Creon 25 000 U;Creon 25 000 U, gélule gastrorésistante|– [pancréatine];05/09/2023;11/01/2024;01/09/2023;;Tension d'approvisionnement;Médicaments;Hépato-gastroentérologie; gélule gastrorésistante|– [pancréatine]
Skiacol 0;Skiacol 0,5 pour cent, collyre|– [cyclopentolate (chlorhydrate de)];07/11/2023;07/11/2023;06/10/2023;;Tension d'approvisionnement;Médicaments;Ophtalmologie;5 pour cent, collyre|– [cyclopentolate (chlorhydrate de)]
Acadione 250 mg;Acadione 250 mg, comprimé dragéifié|– [tiopronine];27/07/2021;25/10/2023;01/06/2017;;Arrêt de commercialisation;Médicaments;Rhumatologie; comprimé dragéifié|– [tiopronine]
Digidot 80mg;Digidot 80mg, poudre pour solution pour perfusion (Digifab importation)|– [Fragment Fab d’immunoglobuline antidigitalique ovin];20/08/2020;04/08/2023;11/04/2011;;Arrêt de commercialisation;Médicaments;Cardiologie; poudre pour solution pour perfusion (Digifab importation)|– [Fragment Fab d’immunoglobuline antidigitalique ovin]
Pylera 140 mg/125 mg/125 mg;Pylera 140 mg/125 mg/125 mg, gélule |– [bismuth potassique (sous-citrate de) /métronidazole /tétracycline (chlorhydrate de)];27/07/2023;27/07/2023;21/07/2023;;Tension d'approvisionnement;Médicaments;Infectiologie; gélule |– [bismuth potassique (sous-citrate de) /métronidazole /tétracycline (chlorhydrate de)]
Spécialités à base de roxithromycine 150 mg;Spécialités à base de roxithromycine 150 mg, comprimé pelliculé|– [roxithromycine];12/01/2023;17/07/2023;23/11/2022;;Tension d'approvisionnement;Médicaments;Infectiologie; comprimé pelliculé|– [roxithromycine]
Kayexalate;Kayexalate, poudre pour suspension orale et rectale|– [sodium (polystyrène sulfonate de)];17/05/2023;17/05/2023;10/04/2023;;Tension d'approvisionnement;Médicaments;Néphrologie, Urologie; poudre pour suspension orale et rectale|– [sodium (polystyrène sulfonate de)]
Montélukast comprimé 5 mg et 10 mg|– [montélukast sodique];Montélukast comprimé 5 mg et 10 mg|– [montélukast sodique];04/01/2023;01/02/2023;24/06/2022;;Tension d'approvisionnement;Médicaments;Dermatologie, Endocrinologie, Infectiologie;
Minirin 0;Minirin 0,1 mg/mL, solution pour administration endonasale|– [Desmopressine];27/04/2021;24/01/2023;01/07/2020;;Arrêt de commercialisation;Médicaments;Endocrinologie;1 mg/mL, solution pour administration endonasale|– [Desmopressine]
Alprostadil Intsel Chimos 0;Alprostadil Intsel Chimos 0,5 mg/ml, solution injectable|– [Alprostadil];10/06/2022;23/11/2022;01/06/2022;;Rupture de stock;Médicaments;Cardiologie;5 mg/ml, solution injectable|– [Alprostadil]
Alyostal venin de guêpe polistes 110 microgrammes et 550 microgrammes;Alyostal venin de guêpe polistes 110 microgrammes et 550 microgrammes, poudre et solvant pour solution injectable |- [Guêpe Polistes (venin de)];15/09/2020;04/11/2022;26/03/2018;;Rupture de stock;Médicaments;Immunologie; poudre et solvant pour solution injectable |- [Guêpe Polistes (venin de)]
Actosolv 100 000 UI et 600 000 UI;Actosolv 100 000 UI et 600 000 UI, poudre pour solution injectable / pour perfusion| - [Urokinase];27/10/2021;09/08/2022;30/11/2021;;Rupture de stock;Médicaments;Cardiologie; poudre pour solution injectable / pour perfusion| - [Urokinase]
SEMAP 20 mg|;SEMAP 20 mg|, comprimé;14/06/2013;19/05/2021;14/06/2013;;Rupture de stock;Médicaments;Psychiatrie; comprimé
